Parameter Name;Error Severity;Details;
MAIN_SampleSequenceEnC;Error;Record Transfer function in Calibration file does not equal the transfer function in database, The Transfer function in database will be taken into consideration.;
MAIN_SampleSequenceEnC;Warning;Parameter a and b coefficiet values are different from a and b values in database ;
MAIN_SampleSequenceEnC;Info;New Decimal value recalculated from the value in the calib file in order to eleminate the effect of coeff or transfer function difference between database and calib file;
FTCMTTC_PreTorqueTimeC;Error;The parameter in the calibration file was not exist into the database;
FSTCGTC_jC;Error;The parameter in the calibration file was not exist into the database;
FSTCGTC_fC;Error;The parameter in the calibration file was not exist into the database;
FTCMTTC_PreTorqueEnableC;Error;The parameter in the calibration file was not exist into the database;
FSTCGTC_BrakeCheckCntThrdC;Error;The parameter in the calibration file was not exist into the database;
FSTCGTC_HacEnSpeedThrdC;Error;The parameter in the calibration file was not exist into the database;
FSTCGTC_HacTimeDelayCntThrdC;Error;The parameter in the calibration file was not exist into the database;
SDMTMEP_ResolverParamStoreEnC;Error;The parameter in the calibration file was not exist into the database;
BSW_ku16MotorVariantC;Error;The parameter in the calibration file was not exist into the database;
FTCMTTC_DampingEnableC;Error;The parameter in the calibration file was not exist into the database;
FTCMTTC_PowerLimtEnableC;Error;The parameter in the calibration file was not exist into the database;
FTCMTTC_TorqCorEnableC;Error;The parameter in the calibration file was not exist into the database;
FSTCGTC_CanTrqTgtRelatedGearEnC;Error;The parameter in the calibration file was not exist into the database;
FSTCGTC_MotorDirRevEnableC;Error;The parameter in the calibration file was not exist into the database;
FTCMTTC_DampingEnableC;Error;The parameter in the calibration file was not exist into the database;
ADS1115_u8UserCfg_DRC;Error;Missing calibration parameter;
ADS1115_u8UserCfg_MUXC;Error;Missing calibration parameter;
ADS1115_u8UserCfg_PGAC;Error;Missing calibration parameter;
AMAIN_HARDBenchOnC;Error;Missing calibration parameter;
AMAIN_VSIBenchOnWriteDataC;Error;Missing calibration parameter;
AMAIN_f32CanSpeedTgtSetC;Error;Missing calibration parameter;
AMAIN_f32OverBhvThdC;Error;Missing calibration parameter;
AMAIN_f32UvwOvCurrThdC;Error;Missing calibration parameter;
AMAIN_u32VSICntCkreqESMStartedC;Error;Missing calibration parameter;
AMAIN_u32VSICntCkreqVSIStartedC;Error;Missing calibration parameter;
BLDC_bHallInvalidFltTestOnC;Error;Missing calibration parameter;
BLDC_bHallUndefFltTestOnC;Error;Missing calibration parameter;
BLDC_bOilPressShortGndFltTestOnC;Error;Missing calibration parameter;
BLDC_bOilPressShortVccFltTestOnC;Error;Missing calibration parameter;
BLDC_bP5vAD2SOverVolFltTestOnC;Error;Missing calibration parameter;
BLDC_bP5vAD2SUnderVolFltTestOnC;Error;Missing calibration parameter;
BLDC_kf32LVThdHighC;Error;Missing calibration parameter;
BLDC_kf32LVThdLowC;Error;Missing calibration parameter;
BLDC_kf32MidPotMaxMonitorDutyC;Error;Missing calibration parameter;
BLDC_kf32MidPotMinMonitorDutyC;Error;Missing calibration parameter;
BLDC_kf32MidPotShrtGndDutyC;Error;Missing calibration parameter;
BLDC_kf32MidPotShrtVccDutyC;Error;Missing calibration parameter;
BLDC_kf32MidPotTgtHighC;Error;Missing calibration parameter;
BLDC_kf32MidPotTgtLowC;Error;Missing calibration parameter;
BLDC_kf32MotorSpeedC;Error;Missing calibration parameter;
BLDC_kf32P5vAD2SOverVolC;Error;Missing calibration parameter;
BLDC_kf32P5vAD2SUnderVolC;Error;Missing calibration parameter;
BLDC_kf32TgtDutyDeltMaxC;Error;Missing calibration parameter;
BLDC_ku16MidPotFltConfirmC;Error;Missing calibration parameter;
BLDC_ku16MidPotFltIncStepC;Error;Missing calibration parameter;
BLDC_ku16MidPotRcvTimC;Error;Missing calibration parameter;
BLDC_ku16TgtDutyRisingTimC;Error;Missing calibration parameter;
BSW_bSPYBenchOnC;Error;Missing calibration parameter;
BSW_ku16CCPReinitTriggerC;Error;Missing calibration parameter;
BSW_ku16VSIRdyChkTimoutC;Error;Missing calibration parameter;
BSW_u8E2E_ValidC;Error;Missing calibration parameter;
CCU6_bAlimFreqChgEnaC;Error;Missing calibration parameter;
CCU6_bDualSmpEnaC;Error;Missing calibration parameter;
CCU6_f32DrvClkDutyThdHighC;Error;Missing calibration parameter;
CCU6_f32DrvClkDutyThdLowC;Error;Missing calibration parameter;
CCU6_kbDrvBdClkEnaC;Error;Missing calibration parameter;
CCU6_kf32MidPointDutyHC;Error;Missing calibration parameter;
CCU6_kf32MidPointDutyLC;Error;Missing calibration parameter;
CCU6_ku16AlimDutyCycRawC;Error;Missing calibration parameter;
CCU6_ku32AlimFreqRawC;Error;Missing calibration parameter;
CCU6_ku8AscRecoverCntMaxC;Error;Missing calibration parameter;
CCU6_ku8OvcRcvCntMaxC;Error;Missing calibration parameter;
CCU6_ku8PwmMidPointFaultC;Error;Missing calibration parameter;
CalUsr_ku32CalibUpdEnaMskA;Error;Missing calibration parameter;
CalUsr_ku32CalibUpdEnaMskB;Error;Missing calibration parameter;
DRV8340_ku16EnaResetTimeC;Error;Missing calibration parameter;
DRV8340_ku16ErrPinChkTimC;Error;Missing calibration parameter;
EAS_bDefaultEskPassC;Error;Missing calibration parameter;
EAS_bRN32EnaOnC;Error;Missing calibration parameter;
EAS_u8Chg1DelayTimoutC;Error;Missing calibration parameter;
ESM_bPowerOffModeInhC;Error;Missing calibration parameter;
ESM_ku16AfterrunToutCntC;Error;Missing calibration parameter;
ESM_u16PowerLatchTempoC;Error;Missing calibration parameter;
ESM_u8RestartDelayCntC;Error;Missing calibration parameter;
FaultBSW_COM_BusOff_CAN1Dec;Error;Missing calibration parameter;
FaultBSW_COM_BusOff_CAN1FailMod;Error;Missing calibration parameter;
FaultBSW_COM_BusOff_CAN1Inc;Error;Missing calibration parameter;
FaultBSW_COM_ChecksumErrVCUDec;Error;Missing calibration parameter;
FaultBSW_COM_ChecksumErrVCUFailMod;Error;Missing calibration parameter;
FaultBSW_COM_ChecksumErrVCUInc;Error;Missing calibration parameter;
FaultBSW_COM_InterFaultVCUDec;Error;Missing calibration parameter;
FaultBSW_COM_InterFaultVCUFailMod;Error;Missing calibration parameter;
FaultBSW_COM_InterFaultVCUInc;Error;Missing calibration parameter;
FaultBSW_COM_RollCntErrVCUDec;Error;Missing calibration parameter;
FaultBSW_COM_RollCntErrVCUFailMod;Error;Missing calibration parameter;
FaultBSW_COM_RollCntErrVCUInc;Error;Missing calibration parameter;
FaultBSW_COM_TimoutRxBCMDec;Error;Missing calibration parameter;
FaultBSW_COM_TimoutRxBCMFailMod;Error;Missing calibration parameter;
FaultBSW_COM_TimoutRxBCMInc;Error;Missing calibration parameter;
FaultBSW_COM_TimoutRxBMSHDec;Error;Missing calibration parameter;
FaultBSW_COM_TimoutRxBMSHFailMod;Error;Missing calibration parameter;
FaultBSW_COM_TimoutRxBMSHInc;Error;Missing calibration parameter;
FaultBSW_COM_TimoutRxEMSDec;Error;Missing calibration parameter;
FaultBSW_COM_TimoutRxEMSFailMod;Error;Missing calibration parameter;
FaultBSW_COM_TimoutRxEMSInc;Error;Missing calibration parameter;
FaultBSW_COM_TimoutRxGCUDec;Error;Missing calibration parameter;
FaultBSW_COM_TimoutRxGCUFailMod;Error;Missing calibration parameter;
FaultBSW_COM_TimoutRxGCUInc;Error;Missing calibration parameter;
FaultBSW_COM_TimoutRxIPCDec;Error;Missing calibration parameter;
FaultBSW_COM_TimoutRxIPCFailMod;Error;Missing calibration parameter;
FaultBSW_COM_TimoutRxIPCInc;Error;Missing calibration parameter;
FaultBSW_COM_TimoutRxTBOXDec;Error;Missing calibration parameter;
FaultBSW_COM_TimoutRxTBOXFailMod;Error;Missing calibration parameter;
FaultBSW_COM_TimoutRxTBOXInc;Error;Missing calibration parameter;
FaultBSW_COM_TimoutRxVCUDec;Error;Missing calibration parameter;
FaultBSW_COM_TimoutRxVCUFailMod;Error;Missing calibration parameter;
FaultBSW_COM_TimoutRxVCUInc;Error;Missing calibration parameter;
FaultBSW_HW2_FPGA_OverVoltVBatDec;Error;Missing calibration parameter;
FaultBSW_HW2_FPGA_OverVoltVBatFailMod;Error;Missing calibration parameter;
FaultBSW_HW2_FPGA_OverVoltVBatInc;Error;Missing calibration parameter;
FaultBSW_HW2_SafeTlib_PreRunDec;Error;Missing calibration parameter;
FaultBSW_HW2_SafeTlib_PreRunFailMod;Error;Missing calibration parameter;
FaultBSW_HW2_SafeTlib_PreRunInc;Error;Missing calibration parameter;
FaultBSW_HW_EasAckFailDec;Error;Missing calibration parameter;
FaultBSW_HW_EasAckFailFailMod;Error;Missing calibration parameter;
FaultBSW_HW_EasAckFailInc;Error;Missing calibration parameter;
FaultBSW_HW_FPGA_IGBT_HDec;Error;Missing calibration parameter;
FaultBSW_HW_FPGA_IGBT_HFailMod;Error;Missing calibration parameter;
FaultBSW_HW_FPGA_IGBT_HInc;Error;Missing calibration parameter;
FaultBSW_HW_FPGA_IGBT_LDec;Error;Missing calibration parameter;
FaultBSW_HW_FPGA_IGBT_LFailMod;Error;Missing calibration parameter;
FaultBSW_HW_FPGA_IGBT_LInc;Error;Missing calibration parameter;
FaultBSW_HW_FPGA_OverUnderCurUIDec;Error;Missing calibration parameter;
FaultBSW_HW_FPGA_OverUnderCurUIFailMod;Error;Missing calibration parameter;
FaultBSW_HW_FPGA_OverUnderCurUIInc;Error;Missing calibration parameter;
FaultBSW_HW_FPGA_OverUnderCurVIDec;Error;Missing calibration parameter;
FaultBSW_HW_FPGA_OverUnderCurVIFailMod;Error;Missing calibration parameter;
FaultBSW_HW_FPGA_OverUnderCurVIInc;Error;Missing calibration parameter;
FaultBSW_HW_FPGA_OverUnderCurWIDec;Error;Missing calibration parameter;
FaultBSW_HW_FPGA_OverUnderCurWIFailMod;Error;Missing calibration parameter;
FaultBSW_HW_FPGA_OverUnderCurWIInc;Error;Missing calibration parameter;
FaultBSW_HW_OCDataNotRationalDec;Error;Missing calibration parameter;
FaultBSW_HW_OCDataNotRationalFailMod;Error;Missing calibration parameter;
FaultBSW_HW_OCDataNotRationalInc;Error;Missing calibration parameter;
FaultBSW_SYS_RstHotDec;Error;Missing calibration parameter;
FaultBSW_SYS_RstHotFailMod;Error;Missing calibration parameter;
FaultBSW_SYS_RstHotInc;Error;Missing calibration parameter;
FaultBSW_SYS_StackOverflowDec;Error;Missing calibration parameter;
FaultBSW_SYS_StackOverflowFailMod;Error;Missing calibration parameter;
FaultBSW_SYS_StackOverflowInc;Error;Missing calibration parameter;
FaultBSW_VSI_TimeoutTCalcDec;Error;Missing calibration parameter;
FaultBSW_VSI_TimeoutTCalcFailMod;Error;Missing calibration parameter;
FaultBSW_VSI_TimeoutTCalcInc;Error;Missing calibration parameter;
FaultEraseRequestC;Error;Missing calibration parameter;
FaultFSEVBHV_OverVoltageDec;Error;Missing calibration parameter;
FaultFSEVBHV_OverVoltageFailMod;Error;Missing calibration parameter;
FaultFSEVBHV_OverVoltageInc;Error;Missing calibration parameter;
FaultFSEVBHV_SampleVolOutRngHDec;Error;Missing calibration parameter;
FaultFSEVBHV_SampleVolOutRngHFailMod;Error;Missing calibration parameter;
FaultFSEVBHV_SampleVolOutRngHInc;Error;Missing calibration parameter;
FaultFSEVBHV_SampleVolOutRngLDec;Error;Missing calibration parameter;
FaultFSEVBHV_SampleVolOutRngLFailMod;Error;Missing calibration parameter;
FaultFSEVBHV_SampleVolOutRngLInc;Error;Missing calibration parameter;
FaultFSEVBHV_UnderVoltageDec;Error;Missing calibration parameter;
FaultFSEVBHV_UnderVoltageFailMod;Error;Missing calibration parameter;
FaultFSEVBHV_UnderVoltageInc;Error;Missing calibration parameter;
FaultFSEVBHV_UnderVoltageWarnDec;Error;Missing calibration parameter;
FaultFSEVBHV_UnderVoltageWarnFailMod;Error;Missing calibration parameter;
FaultFSEVBHV_UnderVoltageWarnInc;Error;Missing calibration parameter;
FaultFSEVBHV_VolNotRationalDec;Error;Missing calibration parameter;
FaultFSEVBHV_VolNotRationalFailMod;Error;Missing calibration parameter;
FaultFSEVBHV_VolNotRationalInc;Error;Missing calibration parameter;
FaultFSEVBHV_VoltageGndDec;Error;Missing calibration parameter;
FaultFSEVBHV_VoltageGndFailMod;Error;Missing calibration parameter;
FaultFSEVBHV_VoltageGndInc;Error;Missing calibration parameter;
FaultFSEVBHV_VoltageVccDec;Error;Missing calibration parameter;
FaultFSEVBHV_VoltageVccFailMod;Error;Missing calibration parameter;
FaultFSEVBHV_VoltageVccInc;Error;Missing calibration parameter;
FaultFSEVBLV_OverVoltageDec;Error;Missing calibration parameter;
FaultFSEVBLV_OverVoltageFailMod;Error;Missing calibration parameter;
FaultFSEVBLV_OverVoltageInc;Error;Missing calibration parameter;
FaultFSEVBLV_P5VRefADCFltDec;Error;Missing calibration parameter;
FaultFSEVBLV_P5VRefADCFltFailMod;Error;Missing calibration parameter;
FaultFSEVBLV_P5VRefADCFltInc;Error;Missing calibration parameter;
FaultFSEVBLV_UnderVoltageDec;Error;Missing calibration parameter;
FaultFSEVBLV_UnderVoltageFailMod;Error;Missing calibration parameter;
FaultFSEVBLV_UnderVoltageInc;Error;Missing calibration parameter;
FaultFSEVBLV_UnderVoltageWarnDec;Error;Missing calibration parameter;
FaultFSEVBLV_UnderVoltageWarnFailMod;Error;Missing calibration parameter;
FaultFSEVBLV_UnderVoltageWarnInc;Error;Missing calibration parameter;
FaultFSEVBLV_VoltageGndDec;Error;Missing calibration parameter;
FaultFSEVBLV_VoltageGndFailMod;Error;Missing calibration parameter;
FaultFSEVBLV_VoltageGndInc;Error;Missing calibration parameter;
FaultFSEVBLV_VoltageVccDec;Error;Missing calibration parameter;
FaultFSEVBLV_VoltageVccFailMod;Error;Missing calibration parameter;
FaultFSEVBLV_VoltageVccInc;Error;Missing calibration parameter;
FaultFSEVETA_DrvTempRationDec;Error;Missing calibration parameter;
FaultFSEVETA_DrvTempRationFailMod;Error;Missing calibration parameter;
FaultFSEVETA_DrvTempRationInc;Error;Missing calibration parameter;
FaultFSEVETA_IgbtTempRationalDec;Error;Missing calibration parameter;
FaultFSEVETA_IgbtTempRationalFailMod;Error;Missing calibration parameter;
FaultFSEVETA_IgbtTempRationalInc;Error;Missing calibration parameter;
FaultFSEVETA_OverTempDrvLeftDec;Error;Missing calibration parameter;
FaultFSEVETA_OverTempDrvLeftFailMod;Error;Missing calibration parameter;
FaultFSEVETA_OverTempDrvLeftInc;Error;Missing calibration parameter;
FaultFSEVETA_OverTempIgbtLeftDec;Error;Missing calibration parameter;
FaultFSEVETA_OverTempIgbtLeftFailMod;Error;Missing calibration parameter;
FaultFSEVETA_OverTempIgbtLeftInc;Error;Missing calibration parameter;
FaultFSEVETA_OverTempNTC1CmdBoardDec;Error;Missing calibration parameter;
FaultFSEVETA_OverTempNTC1CmdBoardFailMod;Error;Missing calibration parameter;
FaultFSEVETA_OverTempNTC1CmdBoardInc;Error;Missing calibration parameter;
FaultFSEVETA_SampleIgbtTempOutRngHDec;Error;Missing calibration parameter;
FaultFSEVETA_SampleIgbtTempOutRngHFailMod;Error;Missing calibration parameter;
FaultFSEVETA_SampleIgbtTempOutRngHInc;Error;Missing calibration parameter;
FaultFSEVETA_SampleIgbtTempOutRngLDec;Error;Missing calibration parameter;
FaultFSEVETA_SampleIgbtTempOutRngLFailMod;Error;Missing calibration parameter;
FaultFSEVETA_SampleIgbtTempOutRngLInc;Error;Missing calibration parameter;
FaultFSEVETA_TempDrvBoardLeftGndDec;Error;Missing calibration parameter;
FaultFSEVETA_TempDrvBoardLeftGndFailMod;Error;Missing calibration parameter;
FaultFSEVETA_TempDrvBoardLeftGndInc;Error;Missing calibration parameter;
FaultFSEVETA_TempDrvBoardLeftVccDec;Error;Missing calibration parameter;
FaultFSEVETA_TempDrvBoardLeftVccFailMod;Error;Missing calibration parameter;
FaultFSEVETA_TempDrvBoardLeftVccInc;Error;Missing calibration parameter;
FaultFSEVETA_TempIgbtLeftGndDec;Error;Missing calibration parameter;
FaultFSEVETA_TempIgbtLeftGndFailMod;Error;Missing calibration parameter;
FaultFSEVETA_TempIgbtLeftGndInc;Error;Missing calibration parameter;
FaultFSEVETA_TempIgbtLeftVccDec;Error;Missing calibration parameter;
FaultFSEVETA_TempIgbtLeftVccFailMod;Error;Missing calibration parameter;
FaultFSEVETA_TempIgbtLeftVccInc;Error;Missing calibration parameter;
FaultFSEVETA_TempNTC1CmdBoardGndDec;Error;Missing calibration parameter;
FaultFSEVETA_TempNTC1CmdBoardGndFailMod;Error;Missing calibration parameter;
FaultFSEVETA_TempNTC1CmdBoardGndInc;Error;Missing calibration parameter;
FaultFSEVETA_TempNTC1CmdBoardVccDec;Error;Missing calibration parameter;
FaultFSEVETA_TempNTC1CmdBoardVccFailMod;Error;Missing calibration parameter;
FaultFSEVETA_TempNTC1CmdBoardVccInc;Error;Missing calibration parameter;
FaultFSEVETA_UnderTempDrvLeftDec;Error;Missing calibration parameter;
FaultFSEVETA_UnderTempDrvLeftFailMod;Error;Missing calibration parameter;
FaultFSEVETA_UnderTempDrvLeftInc;Error;Missing calibration parameter;
FaultFSEVETA_UnderTempIgbtLeftDec;Error;Missing calibration parameter;
FaultFSEVETA_UnderTempIgbtLeftFailMod;Error;Missing calibration parameter;
FaultFSEVETA_UnderTempIgbtLeftInc;Error;Missing calibration parameter;
FaultFSEVETA_UnderTempNTC1CmdBoardDec;Error;Missing calibration parameter;
FaultFSEVETA_UnderTempNTC1CmdBoardFailMod;Error;Missing calibration parameter;
FaultFSEVETA_UnderTempNTC1CmdBoardInc;Error;Missing calibration parameter;
FaultFSMTMTA_OverTempWdgHead1Dec;Error;Missing calibration parameter;
FaultFSMTMTA_OverTempWdgHead1FailMod;Error;Missing calibration parameter;
FaultFSMTMTA_OverTempWdgHead1Inc;Error;Missing calibration parameter;
FaultFSMTMTA_TempWindHead1OutRngHDec;Error;Missing calibration parameter;
FaultFSMTMTA_TempWindHead1OutRngHFailMod;Error;Missing calibration parameter;
FaultFSMTMTA_TempWindHead1OutRngHInc;Error;Missing calibration parameter;
FaultFSMTMTA_TempWindHead1OutRngLDec;Error;Missing calibration parameter;
FaultFSMTMTA_TempWindHead1OutRngLFailMod;Error;Missing calibration parameter;
FaultFSMTMTA_TempWindHead1OutRngLInc;Error;Missing calibration parameter;
FaultFSMTMTA_TempWindingHead1GndDec;Error;Missing calibration parameter;
FaultFSMTMTA_TempWindingHead1GndFailMod;Error;Missing calibration parameter;
FaultFSMTMTA_TempWindingHead1GndInc;Error;Missing calibration parameter;
FaultFSMTMTA_TempWindingHead1VccDec;Error;Missing calibration parameter;
FaultFSMTMTA_TempWindingHead1VccFailMod;Error;Missing calibration parameter;
FaultFSMTMTA_TempWindingHead1VccInc;Error;Missing calibration parameter;
FaultFSMTMTA_UnderTempWdgHead1Dec;Error;Missing calibration parameter;
FaultFSMTMTA_UnderTempWdgHead1FailMod;Error;Missing calibration parameter;
FaultFSMTMTA_UnderTempWdgHead1Inc;Error;Missing calibration parameter;
FaultFSMTRDG_ExcGenerationDec;Error;Missing calibration parameter;
FaultFSMTRDG_ExcGenerationFailMod;Error;Missing calibration parameter;
FaultFSMTRDG_ExcGenerationInc;Error;Missing calibration parameter;
FaultFSMTRDG_ExcSignalGNDDec;Error;Missing calibration parameter;
FaultFSMTRDG_ExcSignalGNDFailMod;Error;Missing calibration parameter;
FaultFSMTRDG_ExcSignalGNDInc;Error;Missing calibration parameter;
FaultFSMTRDG_ExcSignalVCCDec;Error;Missing calibration parameter;
FaultFSMTRDG_ExcSignalVCCFailMod;Error;Missing calibration parameter;
FaultFSMTRDG_ExcSignalVCCInc;Error;Missing calibration parameter;
FaultFSMTRDG_SinCosHLGndDec;Error;Missing calibration parameter;
FaultFSMTRDG_SinCosHLGndFailMod;Error;Missing calibration parameter;
FaultFSMTRDG_SinCosHLGndInc;Error;Missing calibration parameter;
FaultFSMTRDG_SinCosHLOpenDec;Error;Missing calibration parameter;
FaultFSMTRDG_SinCosHLOpenFailMod;Error;Missing calibration parameter;
FaultFSMTRDG_SinCosHLOpenInc;Error;Missing calibration parameter;
FaultFSMTRDG_SinCosHLVccDec;Error;Missing calibration parameter;
FaultFSMTRDG_SinCosHLVccFailMod;Error;Missing calibration parameter;
FaultFSMTRDG_SinCosHLVccInc;Error;Missing calibration parameter;
FaultFSSMACS_AkdFailFlagDec;Error;Missing calibration parameter;
FaultFSSMACS_AkdFailFlagFailMod;Error;Missing calibration parameter;
FaultFSSMACS_AkdFailFlagInc;Error;Missing calibration parameter;
FaultFTASBDS_BattVoltDeratingActDec;Error;Missing calibration parameter;
FaultFTASBDS_BattVoltDeratingActFailMod;Error;Missing calibration parameter;
FaultFTASBDS_BattVoltDeratingActInc;Error;Missing calibration parameter;
FaultFTASETP_EstPmDeratingActDec;Error;Missing calibration parameter;
FaultFTASETP_EstPmDeratingActFailMod;Error;Missing calibration parameter;
FaultFTASETP_EstPmDeratingActInc;Error;Missing calibration parameter;
FaultFTASETP_PmDeratingActDec;Error;Missing calibration parameter;
FaultFTASETP_PmDeratingActFailMod;Error;Missing calibration parameter;
FaultFTASETP_PmDeratingActInc;Error;Missing calibration parameter;
FaultFTASMTP_Wndg1DeratingActDec;Error;Missing calibration parameter;
FaultFTASMTP_Wndg1DeratingActFailMod;Error;Missing calibration parameter;
FaultFTASMTP_Wndg1DeratingActInc;Error;Missing calibration parameter;
FaultFTASOSP_MotorSpdDeratingActDec;Error;Missing calibration parameter;
FaultFTASOSP_MotorSpdDeratingActFailMod;Error;Missing calibration parameter;
FaultFTASOSP_MotorSpdDeratingActInc;Error;Missing calibration parameter;
FaultFTCMSCS_CtrlSatTimoutDec;Error;Missing calibration parameter;
FaultFTCMSCS_CtrlSatTimoutFailMod;Error;Missing calibration parameter;
FaultFTCMSCS_CtrlSatTimoutInc;Error;Missing calibration parameter;
FaultFTCMSCS_SpdOvershootDec;Error;Missing calibration parameter;
FaultFTCMSCS_SpdOvershootFailMod;Error;Missing calibration parameter;
FaultFTCMSCS_SpdOvershootInc;Error;Missing calibration parameter;
FaultFTCMSCS_ZeroSpeedTimoutDec;Error;Missing calibration parameter;
FaultFTCMSCS_ZeroSpeedTimoutFailMod;Error;Missing calibration parameter;
FaultFTCMSCS_ZeroSpeedTimoutInc;Error;Missing calibration parameter;
FaultFTCMTCS_VoltageMarginLowDec;Error;Missing calibration parameter;
FaultFTCMTCS_VoltageMarginLowFailMod;Error;Missing calibration parameter;
FaultFTCMTCS_VoltageMarginLowInc;Error;Missing calibration parameter;
FaultFTEVEIT_EstOverTempDec;Error;Missing calibration parameter;
FaultFTEVEIT_EstOverTempFailMod;Error;Missing calibration parameter;
FaultFTEVEIT_EstOverTempInc;Error;Missing calibration parameter;
FaultFTMTLCS_CurSenrPhaU_GNDDec;Error;Missing calibration parameter;
FaultFTMTLCS_CurSenrPhaU_GNDFailMod;Error;Missing calibration parameter;
FaultFTMTLCS_CurSenrPhaU_GNDInc;Error;Missing calibration parameter;
FaultFTMTLCS_CurSenrPhaU_OutRngHDec;Error;Missing calibration parameter;
FaultFTMTLCS_CurSenrPhaU_OutRngHFailMod;Error;Missing calibration parameter;
FaultFTMTLCS_CurSenrPhaU_OutRngHInc;Error;Missing calibration parameter;
FaultFTMTLCS_CurSenrPhaU_OutRngLDec;Error;Missing calibration parameter;
FaultFTMTLCS_CurSenrPhaU_OutRngLFailMod;Error;Missing calibration parameter;
FaultFTMTLCS_CurSenrPhaU_OutRngLInc;Error;Missing calibration parameter;
FaultFTMTLCS_CurSenrPhaU_VCCDec;Error;Missing calibration parameter;
FaultFTMTLCS_CurSenrPhaU_VCCFailMod;Error;Missing calibration parameter;
FaultFTMTLCS_CurSenrPhaU_VCCInc;Error;Missing calibration parameter;
FaultFTMTLCS_CurSenrPhaV_GNDDec;Error;Missing calibration parameter;
FaultFTMTLCS_CurSenrPhaV_GNDFailMod;Error;Missing calibration parameter;
FaultFTMTLCS_CurSenrPhaV_GNDInc;Error;Missing calibration parameter;
FaultFTMTLCS_CurSenrPhaV_OutRngHDec;Error;Missing calibration parameter;
FaultFTMTLCS_CurSenrPhaV_OutRngHFailMod;Error;Missing calibration parameter;
FaultFTMTLCS_CurSenrPhaV_OutRngHInc;Error;Missing calibration parameter;
FaultFTMTLCS_CurSenrPhaV_OutRngLDec;Error;Missing calibration parameter;
FaultFTMTLCS_CurSenrPhaV_OutRngLFailMod;Error;Missing calibration parameter;
FaultFTMTLCS_CurSenrPhaV_OutRngLInc;Error;Missing calibration parameter;
FaultFTMTLCS_CurSenrPhaV_VCCDec;Error;Missing calibration parameter;
FaultFTMTLCS_CurSenrPhaV_VCCFailMod;Error;Missing calibration parameter;
FaultFTMTLCS_CurSenrPhaV_VCCInc;Error;Missing calibration parameter;
FaultFTMTLCS_CurSenrPhaW_GNDDec;Error;Missing calibration parameter;
FaultFTMTLCS_CurSenrPhaW_GNDFailMod;Error;Missing calibration parameter;
FaultFTMTLCS_CurSenrPhaW_GNDInc;Error;Missing calibration parameter;
FaultFTMTLCS_CurSenrPhaW_OutRngHDec;Error;Missing calibration parameter;
FaultFTMTLCS_CurSenrPhaW_OutRngHFailMod;Error;Missing calibration parameter;
FaultFTMTLCS_CurSenrPhaW_OutRngHInc;Error;Missing calibration parameter;
FaultFTMTLCS_CurSenrPhaW_OutRngLDec;Error;Missing calibration parameter;
FaultFTMTLCS_CurSenrPhaW_OutRngLFailMod;Error;Missing calibration parameter;
FaultFTMTLCS_CurSenrPhaW_OutRngLInc;Error;Missing calibration parameter;
FaultFTMTLCS_CurSenrPhaW_VCCDec;Error;Missing calibration parameter;
FaultFTMTLCS_CurSenrPhaW_VCCFailMod;Error;Missing calibration parameter;
FaultFTMTLCS_CurSenrPhaW_VCCInc;Error;Missing calibration parameter;
FaultFTMTLCS_CurrentSumErrorDec;Error;Missing calibration parameter;
FaultFTMTLCS_CurrentSumErrorFailMod;Error;Missing calibration parameter;
FaultFTMTLCS_CurrentSumErrorInc;Error;Missing calibration parameter;
FaultSDMTMEP_CosGndDec;Error;Missing calibration parameter;
FaultSDMTMEP_CosGndFailMod;Error;Missing calibration parameter;
FaultSDMTMEP_CosGndInc;Error;Missing calibration parameter;
FaultSDMTMEP_CosOutRangeHighDec;Error;Missing calibration parameter;
FaultSDMTMEP_CosOutRangeHighFailMod;Error;Missing calibration parameter;
FaultSDMTMEP_CosOutRangeHighInc;Error;Missing calibration parameter;
FaultSDMTMEP_CosOutRangeLowDec;Error;Missing calibration parameter;
FaultSDMTMEP_CosOutRangeLowFailMod;Error;Missing calibration parameter;
FaultSDMTMEP_CosOutRangeLowInc;Error;Missing calibration parameter;
FaultSDMTMEP_CosVccDec;Error;Missing calibration parameter;
FaultSDMTMEP_CosVccFailMod;Error;Missing calibration parameter;
FaultSDMTMEP_CosVccInc;Error;Missing calibration parameter;
FaultSDMTMEP_OverSpeedDec;Error;Missing calibration parameter;
FaultSDMTMEP_OverSpeedFailMod;Error;Missing calibration parameter;
FaultSDMTMEP_OverSpeedInc;Error;Missing calibration parameter;
FaultSDMTMEP_ResSquaSumErrByFTDec;Error;Missing calibration parameter;
FaultSDMTMEP_ResSquaSumErrByFTFailMod;Error;Missing calibration parameter;
FaultSDMTMEP_ResSquaSumErrByFTInc;Error;Missing calibration parameter;
FaultSDMTMEP_SinGndDec;Error;Missing calibration parameter;
FaultSDMTMEP_SinGndFailMod;Error;Missing calibration parameter;
FaultSDMTMEP_SinGndInc;Error;Missing calibration parameter;
FaultSDMTMEP_SinOutRangeHighDec;Error;Missing calibration parameter;
FaultSDMTMEP_SinOutRangeHighFailMod;Error;Missing calibration parameter;
FaultSDMTMEP_SinOutRangeHighInc;Error;Missing calibration parameter;
FaultSDMTMEP_SinOutRangeLowDec;Error;Missing calibration parameter;
FaultSDMTMEP_SinOutRangeLowFailMod;Error;Missing calibration parameter;
FaultSDMTMEP_SinOutRangeLowInc;Error;Missing calibration parameter;
FaultSDMTMEP_SinVccDec;Error;Missing calibration parameter;
FaultSDMTMEP_SinVccFailMod;Error;Missing calibration parameter;
FaultSDMTMEP_SinVccInc;Error;Missing calibration parameter;
FaultSDMTMEP_UnderSpeedDec;Error;Missing calibration parameter;
FaultSDMTMEP_UnderSpeedFailMod;Error;Missing calibration parameter;
FaultSDMTMEP_UnderSpeedInc;Error;Missing calibration parameter;
FaultTCUCAP0_CAPPressureHDec;Error;Missing calibration parameter;
FaultTCUCAP0_CAPPressureHFailMod;Error;Missing calibration parameter;
FaultTCUCAP0_CAPPressureHInc;Error;Missing calibration parameter;
FaultTCUCAP0_CAPPressureLDec;Error;Missing calibration parameter;
FaultTCUCAP0_CAPPressureLFailMod;Error;Missing calibration parameter;
FaultTCUCAP0_CAPPressureLInc;Error;Missing calibration parameter;
FaultTCUCAP0_CAPPressureOverHDec;Error;Missing calibration parameter;
FaultTCUCAP0_CAPPressureOverHFailMod;Error;Missing calibration parameter;
FaultTCUCAP0_CAPPressureOverHInc;Error;Missing calibration parameter;
FaultTCUCAP0_CAPSlipDec;Error;Missing calibration parameter;
FaultTCUCAP0_CAPSlipFailMod;Error;Missing calibration parameter;
FaultTCUCAP0_CAPSlipInc;Error;Missing calibration parameter;
FaultTCUCAP0_DragMomentHDec;Error;Missing calibration parameter;
FaultTCUCAP0_DragMomentHFailMod;Error;Missing calibration parameter;
FaultTCUCAP0_DragMomentHInc;Error;Missing calibration parameter;
FaultTCUCAP0_HLSinInvalidDec;Error;Missing calibration parameter;
FaultTCUCAP0_HLSinInvalidFailMod;Error;Missing calibration parameter;
FaultTCUCAP0_HLSinInvalidInc;Error;Missing calibration parameter;
FaultTCUCAP0_HLSinUndefineDec;Error;Missing calibration parameter;
FaultTCUCAP0_HLSinUndefineFailMod;Error;Missing calibration parameter;
FaultTCUCAP0_HLSinUndefineInc;Error;Missing calibration parameter;
FaultTCUCAP0_HLSupplyHDec;Error;Missing calibration parameter;
FaultTCUCAP0_HLSupplyHFailMod;Error;Missing calibration parameter;
FaultTCUCAP0_HLSupplyHInc;Error;Missing calibration parameter;
FaultTCUCAP0_HLSupplyLDec;Error;Missing calibration parameter;
FaultTCUCAP0_HLSupplyLFailMod;Error;Missing calibration parameter;
FaultTCUCAP0_HLSupplyLInc;Error;Missing calibration parameter;
FaultTCUCAP0_MotorPhaseVolHDec;Error;Missing calibration parameter;
FaultTCUCAP0_MotorPhaseVolHFailMod;Error;Missing calibration parameter;
FaultTCUCAP0_MotorPhaseVolHInc;Error;Missing calibration parameter;
FaultTCUCAP0_PressureRationalDec;Error;Missing calibration parameter;
FaultTCUCAP0_PressureRationalFailMod;Error;Missing calibration parameter;
FaultTCUCAP0_PressureRationalInc;Error;Missing calibration parameter;
FaultTCUCAP0_SenSigOpenOrGNDDec;Error;Missing calibration parameter;
FaultTCUCAP0_SenSigOpenOrGNDFailMod;Error;Missing calibration parameter;
FaultTCUCAP0_SenSigOpenOrGNDInc;Error;Missing calibration parameter;
FaultTCUCAP0_SenSigVCCDec;Error;Missing calibration parameter;
FaultTCUCAP0_SenSigVCCFailMod;Error;Missing calibration parameter;
FaultTCUCAP0_SenSigVCCInc;Error;Missing calibration parameter;
FaultTCUCAP0_SensorPerforErrDec;Error;Missing calibration parameter;
FaultTCUCAP0_SensorPerforErrFailMod;Error;Missing calibration parameter;
FaultTCUCAP0_SensorPerforErrInc;Error;Missing calibration parameter;
FaultTCUCAP1_COM_GCUDec;Error;Missing calibration parameter;
FaultTCUCAP1_COM_GCUFailMod;Error;Missing calibration parameter;
FaultTCUCAP1_COM_GCUInc;Error;Missing calibration parameter;
FaultTCUCAP1_DriverTempHDec;Error;Missing calibration parameter;
FaultTCUCAP1_DriverTempHFailMod;Error;Missing calibration parameter;
FaultTCUCAP1_DriverTempHInc;Error;Missing calibration parameter;
FaultTCUCAP1_FETShortDec;Error;Missing calibration parameter;
FaultTCUCAP1_FETShortFailMod;Error;Missing calibration parameter;
FaultTCUCAP1_FETShortInc;Error;Missing calibration parameter;
FaultTCUCAP1_HWOverCurDec;Error;Missing calibration parameter;
FaultTCUCAP1_HWOverCurFailMod;Error;Missing calibration parameter;
FaultTCUCAP1_HWOverCurInc;Error;Missing calibration parameter;
FaultTCUCAP1_MotorPhaseDriveErrDec;Error;Missing calibration parameter;
FaultTCUCAP1_MotorPhaseDriveErrFailMod;Error;Missing calibration parameter;
FaultTCUCAP1_MotorPhaseDriveErrInc;Error;Missing calibration parameter;
FaultTCUCAP1_MotorStallDec;Error;Missing calibration parameter;
FaultTCUCAP1_MotorStallFailMod;Error;Missing calibration parameter;
FaultTCUCAP1_MotorStallInc;Error;Missing calibration parameter;
FaultTCUCAP1_OverVoltageDec;Error;Missing calibration parameter;
FaultTCUCAP1_OverVoltageFailMod;Error;Missing calibration parameter;
FaultTCUCAP1_OverVoltageInc;Error;Missing calibration parameter;
FaultTCUCAP1_PhaseDetectGNDDec;Error;Missing calibration parameter;
FaultTCUCAP1_PhaseDetectGNDFailMod;Error;Missing calibration parameter;
FaultTCUCAP1_PhaseDetectGNDInc;Error;Missing calibration parameter;
FaultTCUCAP1_PhaseDetectVCCDec;Error;Missing calibration parameter;
FaultTCUCAP1_PhaseDetectVCCFailMod;Error;Missing calibration parameter;
FaultTCUCAP1_PhaseDetectVCCInc;Error;Missing calibration parameter;
FaultTCUCAP1_SWOverCurDec;Error;Missing calibration parameter;
FaultTCUCAP1_SWOverCurFailMod;Error;Missing calibration parameter;
FaultTCUCAP1_SWOverCurInc;Error;Missing calibration parameter;
FaultTCUCAP1_ThermalShutDownDec;Error;Missing calibration parameter;
FaultTCUCAP1_ThermalShutDownFailMod;Error;Missing calibration parameter;
FaultTCUCAP1_ThermalShutDownInc;Error;Missing calibration parameter;
FaultTCUCAP1_ThermalWarningDec;Error;Missing calibration parameter;
FaultTCUCAP1_ThermalWarningFailMod;Error;Missing calibration parameter;
FaultTCUCAP1_ThermalWarningInc;Error;Missing calibration parameter;
FaultTCUCAP1_UnderVoltageDec;Error;Missing calibration parameter;
FaultTCUCAP1_UnderVoltageFailMod;Error;Missing calibration parameter;
FaultTCUCAP1_UnderVoltageInc;Error;Missing calibration parameter;
FaultTCUCCP_OilMotorRationalDec;Error;Missing calibration parameter;
FaultTCUCCP_OilMotorRationalFailMod;Error;Missing calibration parameter;
FaultTCUCCP_OilMotorRationalInc;Error;Missing calibration parameter;
FaultTCUCCP_OilMotorStallDec;Error;Missing calibration parameter;
FaultTCUCCP_OilMotorStallFailMod;Error;Missing calibration parameter;
FaultTCUCCP_OilMotorStallInc;Error;Missing calibration parameter;
FaultTCUCCP_OilSenRationalL1Dec;Error;Missing calibration parameter;
FaultTCUCCP_OilSenRationalL1FailMod;Error;Missing calibration parameter;
FaultTCUCCP_OilSenRationalL1Inc;Error;Missing calibration parameter;
FaultTCUCCP_OilSenRationalL2Dec;Error;Missing calibration parameter;
FaultTCUCCP_OilSenRationalL2FailMod;Error;Missing calibration parameter;
FaultTCUCCP_OilSenRationalL2Inc;Error;Missing calibration parameter;
FaultTCUCCP_OilTempRationalHDec;Error;Missing calibration parameter;
FaultTCUCCP_OilTempRationalHFailMod;Error;Missing calibration parameter;
FaultTCUCCP_OilTempRationalHInc;Error;Missing calibration parameter;
FaultTCUCCP_OilTempRationalLDec;Error;Missing calibration parameter;
FaultTCUCCP_OilTempRationalLFailMod;Error;Missing calibration parameter;
FaultTCUCCP_OilTempRationalLInc;Error;Missing calibration parameter;
GCCU6_bAlimFreqChgEnaC;Error;Missing calibration parameter;
GCCU6_bDualSmpEnaC;Error;Missing calibration parameter;
GCCU6_bHwOvcFltDetEnaC;Error;Missing calibration parameter;
GCCU6_f32DrvClkDutyThdHighC;Error;Missing calibration parameter;
GCCU6_f32DrvClkDutyThdLowC;Error;Missing calibration parameter;
GCCU6_kbDrvBdClkEnaC;Error;Missing calibration parameter;
GCCU6_kf32MidPointDutyHC;Error;Missing calibration parameter;
GCCU6_kf32MidPointDutyLC;Error;Missing calibration parameter;
GCCU6_ku16AlimDutyCycRawC;Error;Missing calibration parameter;
GCCU6_ku32AlimFreqRawC;Error;Missing calibration parameter;
GCCU6_ku8AscRecoverCntMaxC;Error;Missing calibration parameter;
GCCU6_ku8OvcRcvCntMaxC;Error;Missing calibration parameter;
GCCU6_ku8PwmMidPointFaultC;Error;Missing calibration parameter;
GESM_bPowerOffModeInhC;Error;Missing calibration parameter;
GESM_ku16AfterrunToutCntC;Error;Missing calibration parameter;
GMAIN_HARDBenchOnC;Error;Missing calibration parameter;
GMAIN_VSIBenchOnWriteDataC;Error;Missing calibration parameter;
GMAIN_f32UvwOvCurrThdC;Error;Missing calibration parameter;
GMAIN_s32CurHardDelayC;Error;Missing calibration parameter;
GMAIN_s32ResHardDelayC;Error;Missing calibration parameter;
GMAIN_s32SampleDelayC;Error;Missing calibration parameter;
GMAIN_u16OverBhvThdC;Error;Missing calibration parameter;
GMAIN_u32VSICntCkreqESMStartedC;Error;Missing calibration parameter;
GMAIN_u32VSICntCkreqVSIStartedC;Error;Missing calibration parameter;
HARDPTG_s16AmplitudeC;Error;Missing calibration parameter;
HARDPTG_s16ContinuousRequestC;Error;Missing calibration parameter;
HARDPTG_s16OffsetC;Error;Missing calibration parameter;
HARDPTG_s16SlewRateC;Error;Missing calibration parameter;
HARDPTG_u16PulseDutyCycleC;Error;Missing calibration parameter;
HARDPTG_u32FrequenceC;Error;Missing calibration parameter;
HARD_bPtgEnablePhaseShiftingC;Error;Missing calibration parameter;
HARD_u16PtgUSignalShiftC;Error;Missing calibration parameter;
HARD_u16PtgVSignalShiftC;Error;Missing calibration parameter;
HARD_u16PtgWSignalShiftC;Error;Missing calibration parameter;
MAIN_HARDBenchOnC;Error;Missing calibration parameter;
MAIN_MFC_bCanAEnaC;Error;Missing calibration parameter;
MAIN_MFC_bCanBEnaC;Error;Missing calibration parameter;
MAIN_MFC_bCanCEnaC;Error;Missing calibration parameter;
MAIN_MFC_bCanDEnaC;Error;Missing calibration parameter;
MAIN_MFC_bCanEEnaC;Error;Missing calibration parameter;
MAIN_MFC_bCanFEnaC;Error;Missing calibration parameter;
MAIN_MFC_bDcAcEnaC;Error;Missing calibration parameter;
MAIN_MFC_bTestEnaC;Error;Missing calibration parameter;
MAIN_MFC_u8TempSensorCfgC_ACM;Error;Missing calibration parameter;
MAIN_MFC_u8TempSensorCfgC_EPS;Error;Missing calibration parameter;
MAIN_MFC_u8TempSensorCfgC_MCU1;Error;Missing calibration parameter;
MAIN_MFC_u8TempSensorCfgC_MCU2;Error;Missing calibration parameter;
MAIN_MSGRxBenchOnC;Error;Missing calibration parameter;
MAIN_MSGbIsulationTxOnC;Error;Missing calibration parameter;
MAIN_MSGu8PwModFiltCntC;Error;Missing calibration parameter;
MAIN_VSIBenchOnWriteDataC;Error;Missing calibration parameter;
MAIN_b800VsersionSelcetEnC;Error;Missing calibration parameter;
MAIN_bMSGRxToutBenchOnC;Error;Missing calibration parameter;
MAIN_f32PowerdownVoltC;Error;Missing calibration parameter;
MAIN_f32UvwOvCurrThdC;Error;Missing calibration parameter;
MAIN_ku16SpdReadyEstConfirmC;Error;Missing calibration parameter;
MAIN_s32CurHardDelayC;Error;Missing calibration parameter;
MAIN_s32ResHardDelayC;Error;Missing calibration parameter;
MAIN_s32SampleDelayC;Error;Missing calibration parameter;
MAIN_u16OverBhvThdC;Error;Missing calibration parameter;
MAIN_u32VSICntCkreqESMStartedC;Error;Missing calibration parameter;
MAIN_u32VSICntCkreqVSIStartedC;Error;Missing calibration parameter;
MAIN_u8TcuCapPreDrvTypeC;Error;Missing calibration parameter;
OMAIN_HARDBenchOnC;Error;Missing calibration parameter;
OMAIN_VSIBenchOnWriteDataC;Error;Missing calibration parameter;
OMAIN_f32CanSpeedTgtSetC;Error;Missing calibration parameter;
OMAIN_f32OverBhvThdC;Error;Missing calibration parameter;
OMAIN_f32UvwOvCurrThdC;Error;Missing calibration parameter;
OMAIN_u32VSICntCkreqESMStartedC;Error;Missing calibration parameter;
OMAIN_u32VSICntCkreqVSIStartedC;Error;Missing calibration parameter;
RES_bGenerateSyncPosC;Error;Missing calibration parameter;
RES_u16VSICkreqPeriodDefC;Error;Missing calibration parameter;
RES_u8ExcitDutyPercentC;Error;Missing calibration parameter;
RES_u8SyncDutyPercentC;Error;Missing calibration parameter;
SBC_bServiceDisableC;Error;Missing calibration parameter;
SBC_f32RecoverThresholdC;Error;Missing calibration parameter;
SBC_f32UnderVolHighThresholdC;Error;Missing calibration parameter;
SBC_f32UnderVolLowThresholdC;Error;Missing calibration parameter;
SBC_ku16IntUnderVoltThdC;Error;Missing calibration parameter;
SBC_ku16IntUvTimoutC;Error;Missing calibration parameter;
TLE9180_bManualReadRegC;Error;Missing calibration parameter;
TLE9180_kf32PhsTempFaultC;Error;Missing calibration parameter;
TLE9180_ku16EnaResetTimeC;Error;Missing calibration parameter;
TLE9180_ku16ErrPinChkTimC;Error;Missing calibration parameter;
TLE9180_ku8ErrRecvMaxNumC;Error;Missing calibration parameter;
