EventParameter;EventId;Debouncing method;
up;down;jump up value;
jump down value;
FailedThreshold;PassedThreshold;TimeFailedThreshold»;TimePassedThreshold;up;down;CallbackGetFDC DemEventParameter_ECU1_DTC00;
1;CTR_CLASS;"-";"-";1;12-200;"-";;
DemEventParameter_ECU1_DTC01;2;CTR_CLASS;"-";"-";1;12-200;"-";;
DemEventParameter_ECU1_DTC02;3;CTR_CLASS;"-";"-";1;12-200;"-";;
DemEventParameter_ECU1_DTC03;4;CTR_CLASS;"-";"-";1;12-200;"-";;
DemEventParameter_ECU1_DTC04;5;CTR_CLASS;"-";"-";1;12-200;"-";;
DemEventParameter_ECU1_DTC05;6;CTR_CLASS;"-";"-";1;12-200;"-";;
DemEventParameter_ECU1_DTC06;7;CTR_CLASS;"-";"-";1;12-200;"-";;
DemEventParameter_ECU1_DTC07;8;CTR_CLASS;"-";"-";1;12-200;"-";;
DemEventParameter_ECU1_DTC08;9;CTR_CLASS;"-";"-";1;12-200;"-";;
DemEventParameter_ECU1_DTC09;10;CTR_CLASS;"-";"-";1;12-200;"-";;
DemEventParameter_ECU1_DTC10;11;CTR_CLASS;"-";"-";1;12-200;"-";;
DemEventParameter_ECU1_DTC11;12;CTR_CLASS;"-";"-";1;12-200;"-";;
DemEventParameter_ECU1_DTC12;13;CTR_CLASS;"-";"-";1;12-200;"-";;
DemEventParameter_ECU1_DTC13;14;CTR_CLASS;"-";"-";1;12-200;"-";;
DemEventParameter_ECU1_DTC14;15;CTR_CLASS;"-";"-";1;12-200;"-";;
DemEventParameter_ECU1_DTC15;16;CTR_CLASS;"-";"-";1;12-200;"-";;
DemEventParameter_ECU1_DTC16;17;CTR_CLASS;"-";"-";1;12-200;"-";;
DemEventParameter_ECU1_DTC17;18;CTR_CLASS;"-";"-";1;12-200;"-";;
DemEventParameter_ECU1_DTC18;19;CTR_CLASS;"-";"-";1;12-200;"-";;
DemEventParameter_ECU1_DTC19;20;CTR_CLASS;"-";"-";1;12-200;"-";;
DemEventParameter_ECU1_DTC20;21;CTR_CLASS;"-";"-";1;12-200;"-";;
DemEventParameter_ECU1_DTC21;22;CTR_CLASS;"-";"-";1;12-200;"-";;
DemEventParameter_ECU1_DTC22;23;CTR_CLASS;"-";"-";1;12-200;"-";;
DemEventParameter_ECU1_DTC23;24;CTR_CLASS;"-";"-";1;12-200;"-";;
DemEventParameter_ECU1_DTC24;25;CTR_CLASS;"-";"-";1;12-200;"-";;
DemEventParameter_ECU1_DTC25;26;CTR_CLASS;"-";"-";1;12-200;"-";;
DemEventParameter_ECU1_DTC26;27;CTR_CLASS;"-";"-";1;12-200;"-";;
DemEventParameter_ECU1_DTC27;28;CTR_CLASS;"-";"-";1;12-200;"-";;
DemEventParameter_ECU1_DTC28;29;CTR_CLASS;"-";"-";1;12-200;"-";;
DemEventParameter_ECU1_DTC29;30;CTR_CLASS;"-";"-";1;12-200;"-";;
DemEventParameter_ECU1_DTC30;31;CTR_CLASS;"-";"-";1;12-200;"-";;
DemEventParameter_ECU1_DTC31;32;CTR_CLASS;"-";"-";1;12-200;"-";;
DemEventParameter_ECU1_DTC32;33;CTR_CLASS;"-";"-";1;12-200;"-";;
DemEventParameter_ECU1_DTC33;34;CTR_CLASS;"-";"-";1;12-200;"-";;
DemEventParameter_ECU1_DTC34;35;CTR_CLASS;"-";"-";1;12-200;"-";;
DemEventParameter_ECU1_DTC35;36;CTR_CLASS;"-";"-";1;12-200;"-";;
DemEventParameter_ECU1_DTC36;37;CTR_CLASS;"-";"-";1;12-200;"-";;
DemEventParameter_ECU1_DTC37;38;CTR_CLASS;"-";"-";1;12-200;"-";;
DemEventParameter_ECU1_DTC38;39;CTR_CLASS;"-";"-";1;12-200;"-";;
DemEventParameter_ECU1_DTC39;40;CTR_CLASS;"-";"-";1;12-200;"-";;
DemEventParameter_ECU1_DTC40;41;CTR_CLASS;"-";"-";1;12-200;"-";;
DemEventParameter_ECU1_DTC41;42;CTR_CLASS;"-";"-";1;12-200;"-";;
DemEventParameter_ECU1_DTC42;43;CTR_CLASS;"-";"-";1;12-200;"-";;
DemEventParameter_ECU1_DTC43;44;CTR_CLASS;"-";"-";1;12-200;"-";;
DemEventParameter_ECU1_DTC44;45;CTR_CLASS;"-";"-";1;12-200;"-";;
DemEventParameter_ECU1_DTC45;46;CTR_CLASS;"-";"-";1;12-200;"-";;
DemEventParameter_ECU1_DTC46;47;CTR_CLASS;"-";"-";1;12-200;"-";;
DemEventParameter_ECU1_DTC47;48;CTR_CLASS;"-";"-";1;12-200;"-";;
DemEventParameter_ECU1_DTC48;49;CTR_CLASS;"-";"-";1;12-200;"-";;
DemEventParameter_ECU1_DTC49;50;CTR_CLASS;"-";"-";1;12-200;"-";;
DemEventParameter_ECU1_DTC50;51;CTR_CLASS;"-";"-";1;12-200;"-";;
DemEventParameter_ECU1_DTC51;52;CTR_CLASS;"-";"-";1;12-200;"-";;
DemEventParameter_ECU1_DTC52;53;CTR_CLASS;"-";"-";1;12-200;"-";;
DemEventParameter_ECU1_DTC53;54;CTR_CLASS;"-";"-";1;12-200;"-";;
DemEventParameter_ECU1_DTC54;55;CTR_CLASS;"-";"-";1;12-200;"-";;
DemEventParameter_ECU1_DTC55;56;CTR_CLASS;"-";"-";1;12-200;"-";;
DemEventParameter_ECU1_DTC56;57;CTR_CLASS;"-";"-";1;12-200;"-";;
DemEventParameter_ECU1_DTC57;58;CTR_CLASS;"-";"-";1;12-200;"-";;
DemEventParameter_ECU1_DTC58;59;CTR_CLASS;"-";"-";1;12-200;"-";;
DemEventParameter_ECU1_DTC59;60;CTR_CLASS;"-";"-";1;12-200;"-";;
DemEventParameter_ECU1_DTC60;61;CTR_CLASS;"-";"-";1;12-200;"-";;
DemEventParameter_ECU1_DTC61;62;CTR_CLASS;"-";"-";1;12-200;"-";;
DemEventParameter_ECU1_DTC62;63;CTR_CLASS;"-";"-";1;12-200;"-";;
DemEventParameter_ECU1_DTC63;64;CTR_CLASS;"-";"-";1;12-200;"-";;
DemEventParameter_ECU1_DTC64;65;CTR_CLASS;"-";"-";1;12-200;"-";;
DemEventParameter_ECU1_DTC65;66;CTR_CLASS;"-";"-";1;12-200;"-";;
DemEventParameter_ECU1_DTC66;67;CTR_CLASS;"-";"-";1;12-200;"-";;
DemEventParameter_ECU1_DTC67;68;CTR_CLASS;"-";"-";1;12-200;"-";;
DemEventParameter_ECU1_DTC68;69;CTR_CLASS;"-";"-";1;12-200;"-";;
DemEventParameter_ECU1_DTC69;70;CTR_CLASS;"-";"-";1;12-200;"-";;
DemEventParameter_ECU1_DTC70;71;CTR_CLASS;"-";"-";1;12-200;"-";;
DemEventParameter_ECU1_DTC71;72;CTR_CLASS;"-";"-";1;12-200;"-";;
DemEventParameter_ECU1_DTC72;73;CTR_CLASS;"-";"-";1;12-200;"-";;
DemEventParameter_ECU1_DTC73;74;CTR_CLASS;"-";"-";1;12-200;"-";;
DemEventParameter_ECU1_DTC74;75;CTR_CLASS;"-";"-";1;12-200;"-";;
DemEventParameter_ECU1_DTC75;76;CTR_CLASS;"-";"-";1;12-200;"-";;
DemEventParameter_ECU1_DTC76;77;CTR_CLASS;"-";"-";1;12-200;"-";;
DemEventParameter_ECU1_DTC77;78;CTR_CLASS;"-";"-";1;12-200;"-";;
DemEventParameter_ECU1_DTC78;79;CTR_CLASS;"-";"-";1;12-200;"-";;
DemEventParameter_ECU1_DTC79;80;CTR_CLASS;"-";"-";1;12-200;"-";;
DemEventParameter_ECU1_DTC80;81;CTR_CLASS;"-";"-";1;12-200;"-";;
DemEventParameter_ECU1_DTC81;82;CTR_CLASS;"-";"-";1;12-200;"-";;
DemEventParameter_ECU1_DTC82;83;CTR_CLASS;"-";"-";1;12-200;"-";;
DemEventParameter_ECU1_DTC83;84;CTR_CLASS;"-";"-";1;12-200;"-";;
DemEventParameter_ECU1_DTC84;85;CTR_CLASS;"-";"-";1;12-200;"-";;
DemEventParameter_ECU1_DTC85;86;CTR_CLASS;"-";"-";1;12-200;"-";;
DemEventParameter_ECU1_DTC86;87;CTR_CLASS;"-";"-";1;12-200;"-";;
DemEventParameter_ECU1_DTC87;88;CTR_CLASS;"-";"-";1;12-200;"-";;
DemEventParameter_ECU1_DTC88;89;CTR_CLASS;"-";"-";1;12-200;"-";;
DemEventParameter_ECU1_DTC89;90;CTR_CLASS;"-";"-";1;12-200;"-";;
DemEventParameter_ECU1_DTC90;91;CTR_CLASS;"-";"-";1;12-200;"-";;
DemEventParameter_ECU1_DTC91;92;CTR_CLASS;"-";"-";1;12-200;"-";;
DemEventParameter_ECU1_DTC92;93;CTR_CLASS;"-";"-";1;12-200;"-";;
DemEventParameter_ECU1_DTC93;94;CTR_CLASS;"-";"-";1;12-200;"-";;
DemEventParameter_ECU1_DTC94;95;CTR_CLASS;"-";"-";1;12-200;"-";;
DemEventParameter_ECU1_DTC95;96;CTR_CLASS;"-";"-";1;12-200;"-";;
DemEventParameter_ECU1_DTC96;97;CTR_CLASS;"-";"-";1;12-200;"-";;
DemEventParameter_ECU1_DTC97;98;CTR_CLASS;"-";"-";1;12-200;"-";;
DemEventParameter_ECU1_DTC98;99;CTR_CLASS;"-";"-";1;12-200;"-";;
DemEventParameter_ECU1_DTC99;100;CTR_CLASS;"-";"-";1;12-200;"-";;
DemEventParameter_ECU2_DTC00;101;CTR_CLASS;"-";"-";1;12-200;"-";;
DemEventParameter_ECU2_DTC01;102;CTR_CLASS;"-";"-";1;12-200;"-";;
DemEventParameter_ECU2_DTC02;103;CTR_CLASS;"-";"-";1;12-200;"-";;
DemEventParameter_ECU2_DTC03;104;CTR_CLASS;"-";"-";1;12-200;"-";;
DemEventParameter_ECU2_DTC04;105;CTR_CLASS;"-";"-";1;12-200;"-";;
DemEventParameter_ECU2_DTC05;106;CTR_CLASS;"-";"-";1;12-200;"-";;
DemEventParameter_ECU2_DTC06;107;CTR_CLASS;"-";"-";1;12-200;"-";;
DemEventParameter_ECU2_DTC07;108;CTR_CLASS;"-";"-";1;12-200;"-";;
DemEventParameter_ECU2_DTC08;109;CTR_CLASS;"-";"-";1;12-200;"-";;
DemEventParameter_ECU2_DTC09;110;CTR_CLASS;"-";"-";1;12-200;"-";;
DemEventParameter_ECU2_DTC10;111;CTR_CLASS;"-";"-";1;12-200;"-";;
DemEventParameter_ECU2_DTC11;112;CTR_CLASS;"-";"-";1;12-200;"-";;
DemEventParameter_ECU2_DTC12;113;CTR_CLASS;"-";"-";1;12-200;"-";;
DemEventParameter_ECU2_DTC13;114;CTR_CLASS;"-";"-";1;12-200;"-";;
DemEventParameter_ECU2_DTC14;115;CTR_CLASS;"-";"-";1;12-200;"-";;
DemEventParameter_ECU2_DTC15;116;CTR_CLASS;"-";"-";1;12-200;"-";;
DemEventParameter_ECU2_DTC16;117;CTR_CLASS;"-";"-";1;12-200;"-";;
DemEventParameter_ECU2_DTC17;118;CTR_CLASS;"-";"-";1;12-200;"-";;
DemEventParameter_ECU2_DTC18;119;CTR_CLASS;"-";"-";1;12-200;"-";;
DemEventParameter_ECU2_DTC19;120;CTR_CLASS;"-";"-";1;12-200;"-";;
DemEventParameter_ECU2_DTC20;121;CTR_CLASS;"-";"-";1;12-200;"-";;
DemEventParameter_ECU2_DTC21;122;CTR_CLASS;"-";"-";1;12-200;"-";;
DemEventParameter_ECU2_DTC22;123;CTR_CLASS;"-";"-";1;12-200;"-";;
DemEventParameter_ECU2_DTC23;124;CTR_CLASS;"-";"-";1;12-200;"-";;
DemEventParameter_ECU2_DTC24;125;CTR_CLASS;"-";"-";1;12-200;"-";;
DemEventParameter_ECU2_DTC25;126;CTR_CLASS;"-";"-";1;12-200;"-";;
DemEventParameter_ECU2_DTC26;127;CTR_CLASS;"-";"-";1;12-200;"-";;
DemEventParameter_ECU2_DTC27;128;CTR_CLASS;"-";"-";1;12-200;"-";;
DemEventParameter_ECU2_DTC28;129;CTR_CLASS;"-";"-";1;12-200;"-";;
DemEventParameter_ECU2_DTC29;130;CTR_CLASS;"-";"-";1;12-200;"-";;
DemEventParameter_ECU2_DTC30;131;CTR_CLASS;"-";"-";1;12-200;"-";;
DemEventParameter_ECU2_DTC31;132;CTR_CLASS;"-";"-";1;12-200;"-";;
DemEventParameter_ECU2_DTC32;133;CTR_CLASS;"-";"-";1;12-200;"-";;
DemEventParameter_ECU2_DTC33;134;CTR_CLASS;"-";"-";1;12-200;"-";;
DemEventParameter_ECU2_DTC34;135;CTR_CLASS;"-";"-";1;12-200;"-";;
DemEventParameter_ECU2_DTC35;136;CTR_CLASS;"-";"-";1;12-200;"-";;
DemEventParameter_ECU2_DTC36;137;CTR_CLASS;"-";"-";1;12-200;"-";;
DemEventParameter_ECU2_DTC37;138;CTR_CLASS;"-";"-";1;12-200;"-";;
DemEventParameter_ECU2_DTC38;139;CTR_CLASS;"-";"-";1;12-200;"-";;
DemEventParameter_ECU2_DTC39;140;CTR_CLASS;"-";"-";1;12-200;"-";;
DemEventParameter_ECU2_DTC40;141;CTR_CLASS;"-";"-";1;12-200;"-";;
DemEventParameter_ECU2_DTC41;142;CTR_CLASS;"-";"-";1;12-200;"-";;
DemEventParameter_ECU2_DTC42;143;CTR_CLASS;"-";"-";1;12-200;"-";;
DemEventParameter_ECU2_DTC43;144;CTR_CLASS;"-";"-";1;12-200;"-";;
DemEventParameter_ECU2_DTC44;145;CTR_CLASS;"-";"-";1;12-200;"-";;
DemEventParameter_ECU2_DTC45;146;CTR_CLASS;"-";"-";1;12-200;"-";;
DemEventParameter_ECU2_DTC46;147;CTR_CLASS;"-";"-";1;12-200;"-";;
DemEventParameter_ECU2_DTC47;148;CTR_CLASS;"-";"-";1;12-200;"-";;
DemEventParameter_ECU2_DTC48;149;CTR_CLASS;"-";"-";1;12-200;"-";;
DemEventParameter_ECU2_DTC49;150;CTR_CLASS;"-";"-";1;12-200;"-";;
DemEventParameter_ECU2_DTC50;151;CTR_CLASS;"-";"-";1;12-200;"-";;
DemEventParameter_ECU2_DTC51;152;CTR_CLASS;"-";"-";1;12-200;"-";;
DemEventParameter_ECU2_DTC52;153;CTR_CLASS;"-";"-";1;12-200;"-";;
DemEventParameter_ECU2_DTC53;154;CTR_CLASS;"-";"-";1;12-200;"-";;
DemEventParameter_ECU2_DTC54;155;CTR_CLASS;"-";"-";1;12-200;"-";;
DemEventParameter_ECU2_DTC55;156;CTR_CLASS;"-";"-";1;12-200;"-";;
DemEventParameter_ECU2_DTC56;157;CTR_CLASS;"-";"-";1;12-200;"-";;
DemEventParameter_ECU2_DTC57;158;CTR_CLASS;"-";"-";1;12-200;"-";;
DemEventParameter_ECU2_DTC58;159;CTR_CLASS;"-";"-";1;12-200;"-";;
DemEventParameter_ECU2_DTC59;160;CTR_CLASS;"-";"-";1;12-200;"-";;
DemEventParameter_ECU2_DTC60;161;CTR_CLASS;"-";"-";1;12-200;"-";;
DemEventParameter_ECU2_DTC61;162;CTR_CLASS;"-";"-";1;12-200;"-";;
DemEventParameter_ECU2_DTC62;163;CTR_CLASS;"-";"-";1;12-200;"-";;
DemEventParameter_ECU2_DTC63;164;CTR_CLASS;"-";"-";1;12-200;"-";;
DemEventParameter_ECU2_DTC64;165;CTR_CLASS;"-";"-";1;12-200;"-";;
DemEventParameter_ECU2_DTC65;166;CTR_CLASS;"-";"-";1;12-200;"-";;
DemEventParameter_ECU2_DTC66;167;CTR_CLASS;"-";"-";1;12-200;"-";;
DemEventParameter_ECU2_DTC67;168;CTR_CLASS;"-";"-";1;12-200;"-";;
DemEventParameter_ECU2_DTC68;169;CTR_CLASS;"-";"-";1;12-200;"-";;
DemEventParameter_ECU2_DTC69;170;CTR_CLASS;"-";"-";1;12-200;"-";;
DemEventParameter_ECU2_DTC70;171;CTR_CLASS;"-";"-";1;12-200;"-";;
DemEventParameter_ECU2_DTC71;172;CTR_CLASS;"-";"-";1;12-200;"-";;
DemEventParameter_ECU2_DTC72;173;CTR_CLASS;"-";"-";1;12-200;"-";;
DemEventParameter_ECU2_DTC73;174;CTR_CLASS;"-";"-";1;12-200;"-";;
DemEventParameter_ECU2_DTC74;175;CTR_CLASS;"-";"-";1;12-200;"-";;
DemEventParameter_ECU2_DTC75;176;CTR_CLASS;"-";"-";1;12-200;"-";;
DemEventParameter_ECU2_DTC76;177;CTR_CLASS;"-";"-";1;12-200;"-";;
DemEventParameter_ECU2_DTC77;178;CTR_CLASS;"-";"-";1;12-200;"-";;
DemEventParameter_ECU2_DTC78;179;CTR_CLASS;"-";"-";1;12-200;"-";;
DemEventParameter_ECU2_DTC79;180;CTR_CLASS;"-";"-";1;12-200;"-";;
DemEventParameter_ECU2_DTC80;181;CTR_CLASS;"-";"-";1;12-200;"-";;
DemEventParameter_ECU2_DTC81;182;CTR_CLASS;"-";"-";1;12-200;"-";;
DemEventParameter_ECU2_DTC82;183;CTR_CLASS;"-";"-";1;12-200;"-";;
DemEventParameter_ECU2_DTC83;184;CTR_CLASS;"-";"-";1;12-200;"-";;
DemEventParameter_ECU2_DTC84;185;CTR_CLASS;"-";"-";1;12-200;"-";;
DemEventParameter_ECU2_DTC85;186;CTR_CLASS;"-";"-";1;12-200;"-";;
DemEventParameter_ECU2_DTC86;187;CTR_CLASS;"-";"-";1;12-200;"-";;
DemEventParameter_ECU2_DTC87;188;CTR_CLASS;"-";"-";1;12-200;"-";;
DemEventParameter_ECU2_DTC88;189;CTR_CLASS;"-";"-";1;12-200;"-";;
DemEventParameter_ECU2_DTC89;190;CTR_CLASS;"-";"-";1;12-200;"-";;
DemEventParameter_ECU2_DTC90;191;CTR_CLASS;"-";"-";1;12-200;"-";;
DemEventParameter_ECU2_DTC91;192;CTR_CLASS;"-";"-";1;12-200;"-";;
DemEventParameter_ECU2_DTC92;193;CTR_CLASS;"-";"-";1;12-200;"-";;
DemEventParameter_ECU2_DTC93;194;CTR_CLASS;"-";"-";1;12-200;"-";;
DemEventParameter_ECU2_DTC94;195;CTR_CLASS;"-";"-";1;12-200;"-";;
DemEventParameter_ECU2_DTC95;196;CTR_CLASS;"-";"-";1;12-200;"-";;
DemEventParameter_ECU2_DTC96;197;CTR_CLASS;"-";"-";1;12-200;"-";;
DemEventParameter_ECU2_DTC97;198;CTR_CLASS;"-";"-";1;12-200;"-";;
DemEventParameter_ECU2_DTC98;199;CTR_CLASS;"-";"-";1;12-200;"-";;
DemEventParameter_ECU2_DTC99;200;CTR_CLASS;"-";"-";1;12-200;"-";;
DemEventParameter_ECU3_DTC00;201;CTR_CLASS;"-";"-";1;12-200;"-";;
DemEventParameter_ECU3_DTC01;202;CTR_CLASS;"-";"-";1;12-200;"-";;
DemEventParameter_ECU3_DTC02;203;CTR_CLASS;"-";"-";1;12-200;"-";;
DemEventParameter_ECU3_DTC03;204;CTR_CLASS;"-";"-";1;12-200;"-";;
DemEventParameter_ECU3_DTC04;205;CTR_CLASS;"-";"-";1;12-200;"-";;
DemEventParameter_ECU3_DTC05;206;CTR_CLASS;"-";"-";1;12-200;"-";;
DemEventParameter_ECU3_DTC06;207;CTR_CLASS;"-";"-";1;12-200;"-";;
DemEventParameter_ECU3_DTC07;208;CTR_CLASS;"-";"-";1;12-200;"-";;
DemEventParameter_ECU3_DTC08;209;CTR_CLASS;"-";"-";1;12-200;"-";;
DemEventParameter_ECU3_DTC09;210;CTR_CLASS;"-";"-";1;12-200;"-";;
DemEventParameter_ECU3_DTC10;211;CTR_CLASS;"-";"-";1;12-200;"-";;
DemEventParameter_ECU3_DTC11;212;CTR_CLASS;"-";"-";1;12-200;"-";;
DemEventParameter_ECU3_DTC12;213;CTR_CLASS;"-";"-";1;12-200;"-";;
DemEventParameter_ECU3_DTC13;214;CTR_CLASS;"-";"-";1;12-200;"-";;
DemEventParameter_ECU3_DTC14;215;CTR_CLASS;"-";"-";1;12-200;"-";;
DemEventParameter_ECU3_DTC15;216;CTR_CLASS;"-";"-";1;12-200;"-";;
DemEventParameter_ECU3_DTC16;217;CTR_CLASS;"-";"-";1;12-200;"-";;
DemEventParameter_ECU3_DTC17;218;CTR_CLASS;"-";"-";1;12-200;"-";;
DemEventParameter_ECU3_DTC18;219;CTR_CLASS;"-";"-";1;12-200;"-";;
DemEventParameter_ECU3_DTC19;220;CTR_CLASS;"-";"-";1;12-200;"-";;
DemEventParameter_ECU3_DTC20;221;CTR_CLASS;"-";"-";1;12-200;"-";;
DemEventParameter_ECU3_DTC21;222;CTR_CLASS;"-";"-";1;12-200;"-";;
DemEventParameter_ECU3_DTC22;223;CTR_CLASS;"-";"-";1;12-200;"-";;
DemEventParameter_ECU3_DTC23;224;CTR_CLASS;"-";"-";1;12-200;"-";;
DemEventParameter_ECU3_DTC24;225;CTR_CLASS;"-";"-";1;12-200;"-";;
DemEventParameter_ECU3_DTC25;226;CTR_CLASS;"-";"-";1;12-200;"-";;
DemEventParameter_ECU3_DTC26;227;CTR_CLASS;"-";"-";1;12-200;"-";;
DemEventParameter_ECU3_DTC27;228;CTR_CLASS;"-";"-";1;12-200;"-";;
DemEventParameter_ECU3_DTC28;229;CTR_CLASS;"-";"-";1;12-200;"-";;
DemEventParameter_ECU3_DTC29;230;CTR_CLASS;"-";"-";1;12-200;"-";;
DemEventParameter_ECU3_DTC30;231;CTR_CLASS;"-";"-";1;12-200;"-";;
DemEventParameter_ECU3_DTC31;232;CTR_CLASS;"-";"-";1;12-200;"-";;
DemEventParameter_ECU3_DTC32;233;CTR_CLASS;"-";"-";1;12-200;"-";;
DemEventParameter_ECU3_DTC33;234;CTR_CLASS;"-";"-";1;12-200;"-";;
DemEventParameter_ECU3_DTC34;235;CTR_CLASS;"-";"-";1;12-200;"-";;
DemEventParameter_ECU3_DTC35;236;CTR_CLASS;"-";"-";1;12-200;"-";;
DemEventParameter_ECU3_DTC36;237;CTR_CLASS;"-";"-";1;12-200;"-";;
DemEventParameter_ECU3_DTC37;238;CTR_CLASS;"-";"-";1;12-200;"-";;
DemEventParameter_ECU3_DTC38;239;CTR_CLASS;"-";"-";1;12-200;"-";;
DemEventParameter_ECU3_DTC39;240;CTR_CLASS;"-";"-";1;12-200;"-";;
DemEventParameter_ECU3_DTC40;241;CTR_CLASS;"-";"-";1;12-200;"-";;
DemEventParameter_ECU3_DTC41;242;CTR_CLASS;"-";"-";1;12-200;"-";;
DemEventParameter_ECU3_DTC42;243;CTR_CLASS;"-";"-";1;12-200;"-";;
DemEventParameter_ECU3_DTC43;244;CTR_CLASS;"-";"-";1;12-200;"-";;
DemEventParameter_ECU3_DTC44;245;CTR_CLASS;"-";"-";1;12-200;"-";;
DemEventParameter_ECU3_DTC45;246;CTR_CLASS;"-";"-";1;12-200;"-";;
DemEventParameter_ECU3_DTC46;247;CTR_CLASS;"-";"-";1;12-200;"-";;
DemEventParameter_ECU3_DTC47;248;CTR_CLASS;"-";"-";1;12-200;"-";;
DemEventParameter_ECU3_DTC48;249;CTR_CLASS;"-";"-";1;12-200;"-";;
DemEventParameter_ECU3_DTC49;250;CTR_CLASS;"-";"-";1;12-200;"-";;
DemEventParameter_ECU3_DTC50;251;CTR_CLASS;"-";"-";1;12-200;"-";;
DemEventParameter_ECU3_DTC51;252;CTR_CLASS;"-";"-";1;12-200;"-";;
DemEventParameter_ECU3_DTC52;253;CTR_CLASS;"-";"-";1;12-200;"-";;
DemEventParameter_ECU3_DTC53;254;CTR_CLASS;"-";"-";1;12-200;"-";;
DemEventParameter_ECU3_DTC54;255;CTR_CLASS;"-";"-";1;12-200;"-";;
DemEventParameter_ECU3_DTC55;256;CTR_CLASS;"-";"-";1;12-200;"-";;
DemEventParameter_ECU3_DTC56;257;CTR_CLASS;"-";"-";1;12-200;"-";;
DemEventParameter_ECU3_DTC57;258;CTR_CLASS;"-";"-";1;12-200;"-";;
DemEventParameter_ECU3_DTC58;259;CTR_CLASS;"-";"-";1;12-200;"-";;
DemEventParameter_ECU3_DTC59;260;CTR_CLASS;"-";"-";1;12-200;"-";;
DemEventParameter_ECU3_DTC60;261;CTR_CLASS;"-";"-";1;12-200;"-";;
DemEventParameter_ECU3_DTC61;262;CTR_CLASS;"-";"-";1;12-200;"-";;
DemEventParameter_ECU3_DTC62;263;CTR_CLASS;"-";"-";1;12-200;"-";;
DemEventParameter_ECU3_DTC63;264;CTR_CLASS;"-";"-";1;12-200;"-";;
DemEventParameter_ECU3_DTC64;265;CTR_CLASS;"-";"-";1;12-200;"-";;
DemEventParameter_ECU3_DTC65;266;CTR_CLASS;"-";"-";1;12-200;"-";;
DemEventParameter_ECU3_DTC66;267;CTR_CLASS;"-";"-";1;12-200;"-";;
DemEventParameter_ECU3_DTC67;268;CTR_CLASS;"-";"-";1;12-200;"-";;
DemEventParameter_ECU3_DTC68;269;CTR_CLASS;"-";"-";1;12-200;"-";;
DemEventParameter_ECU3_DTC69;270;CTR_CLASS;"-";"-";1;12-200;"-";;
DemEventParameter_ECU3_DTC70;271;CTR_CLASS;"-";"-";1;12-200;"-";;
DemEventParameter_ECU3_DTC71;272;CTR_CLASS;"-";"-";1;12-200;"-";;
DemEventParameter_ECU3_DTC72;273;CTR_CLASS;"-";"-";1;12-200;"-";;
DemEventParameter_ECU3_DTC73;274;CTR_CLASS;"-";"-";1;12-200;"-";;
DemEventParameter_ECU3_DTC74;275;CTR_CLASS;"-";"-";1;12-200;"-";;
DemEventParameter_ECU3_DTC75;276;CTR_CLASS;"-";"-";1;12-200;"-";;
DemEventParameter_ECU3_DTC76;277;CTR_CLASS;"-";"-";1;12-200;"-";;
DemEventParameter_ECU3_DTC77;278;CTR_CLASS;"-";"-";1;12-200;"-";;
DemEventParameter_ECU3_DTC78;279;CTR_CLASS;"-";"-";1;12-200;"-";;
DemEventParameter_ECU3_DTC79;280;CTR_CLASS;"-";"-";1;12-200;"-";;
DemEventParameter_ECU3_DTC80;281;CTR_CLASS;"-";"-";1;12-200;"-";;
DemEventParameter_ECU3_DTC81;282;CTR_CLASS;"-";"-";1;12-200;"-";;
DemEventParameter_ECU3_DTC82;283;CTR_CLASS;"-";"-";1;12-200;"-";;
DemEventParameter_ECU3_DTC83;284;CTR_CLASS;"-";"-";1;12-200;"-";;
DemEventParameter_ECU3_DTC84;285;CTR_CLASS;"-";"-";1;12-200;"-";;
DemEventParameter_ECU3_DTC85;286;CTR_CLASS;"-";"-";1;12-200;"-";;
DemEventParameter_ECU3_DTC86;287;CTR_CLASS;"-";"-";1;12-200;"-";;
DemEventParameter_ECU3_DTC87;288;CTR_CLASS;"-";"-";1;12-200;"-";;
DemEventParameter_ECU3_DTC88;289;CTR_CLASS;"-";"-";1;12-200;"-";;
DemEventParameter_ECU3_DTC89;290;CTR_CLASS;"-";"-";1;12-200;"-";;
DemEventParameter_ECU3_DTC90;291;CTR_CLASS;"-";"-";1;12-200;"-";;
DemEventParameter_ECU3_DTC91;292;CTR_CLASS;"-";"-";1;12-200;"-";;
DemEventParameter_ECU3_DTC92;293;CTR_CLASS;"-";"-";1;12-200;"-";;
DemEventParameter_ECU3_DTC93;294;CTR_CLASS;"-";"-";1;12-200;"-";;
DemEventParameter_ECU3_DTC94;295;CTR_CLASS;"-";"-";1;12-200;"-";;
DemEventParameter_ECU3_DTC95;296;CTR_CLASS;"-";"-";1;12-200;"-";;
DemEventParameter_ECU3_DTC96;297;CTR_CLASS;"-";"-";1;12-200;"-";;
DemEventParameter_ECU3_DTC97;298;CTR_CLASS;"-";"-";1;12-200;"-";;
DemEventParameter_ECU3_DTC98;299;CTR_CLASS;"-";"-";1;12-200;"-";;
DemEventParameter_ECU3_DTC99;300;CTR_CLASS;"-";"-";1;12-200;"-";;
DemEventParameter_ECU4_DTC00;301;CTR_CLASS;"-";"-";1;12-200;"-";;
DemEventParameter_ECU4_DTC01;302;CTR_CLASS;"-";"-";1;12-200;"-";;
DemEventParameter_ECU4_DTC02;303;CTR_CLASS;"-";"-";1;12-200;"-";;
DemEventParameter_ECU4_DTC03;304;CTR_CLASS;"-";"-";1;12-200;"-";;
DemEventParameter_ECU4_DTC04;305;CTR_CLASS;"-";"-";1;12-200;"-";;
DemEventParameter_ECU4_DTC05;306;CTR_CLASS;"-";"-";1;12-200;"-";;
DemEventParameter_ECU4_DTC06;307;CTR_CLASS;"-";"-";1;12-200;"-";;
DemEventParameter_ECU4_DTC07;308;CTR_CLASS;"-";"-";1;12-200;"-";;
DemEventParameter_ECU4_DTC08;309;CTR_CLASS;"-";"-";1;12-200;"-";;
DemEventParameter_ECU4_DTC09;310;CTR_CLASS;"-";"-";1;12-200;"-";;
DemEventParameter_ECU4_DTC10;311;CTR_CLASS;"-";"-";1;12-200;"-";;
DemEventParameter_ECU4_DTC11;312;CTR_CLASS;"-";"-";1;12-200;"-";;
DemEventParameter_ECU4_DTC12;313;CTR_CLASS;"-";"-";1;12-200;"-";;
DemEventParameter_ECU4_DTC13;314;CTR_CLASS;"-";"-";1;12-200;"-";;
DemEventParameter_ECU4_DTC14;315;CTR_CLASS;"-";"-";1;12-200;"-";;
DemEventParameter_ECU4_DTC15;316;CTR_CLASS;"-";"-";1;12-200;"-";;
DemEventParameter_ECU4_DTC16;317;CTR_CLASS;"-";"-";1;12-200;"-";;
DemEventParameter_ECU4_DTC17;318;CTR_CLASS;"-";"-";1;12-200;"-";;
DemEventParameter_ECU4_DTC18;319;CTR_CLASS;"-";"-";1;12-200;"-";;
DemEventParameter_ECU4_DTC19;320;CTR_CLASS;"-";"-";1;12-200;"-";;
DemEventParameter_ECU4_DTC20;321;CTR_CLASS;"-";"-";1;12-200;"-";;
DemEventParameter_ECU4_DTC21;322;CTR_CLASS;"-";"-";1;12-200;"-";;
DemEventParameter_ECU4_DTC22;323;CTR_CLASS;"-";"-";1;12-200;"-";;
DemEventParameter_ECU4_DTC23;324;CTR_CLASS;"-";"-";1;12-200;"-";;
DemEventParameter_ECU4_DTC24;325;CTR_CLASS;"-";"-";1;12-200;"-";;
DemEventParameter_ECU4_DTC25;326;CTR_CLASS;"-";"-";1;12-200;"-";;
DemEventParameter_ECU4_DTC26;327;CTR_CLASS;"-";"-";1;12-200;"-";;
DemEventParameter_ECU4_DTC27;328;CTR_CLASS;"-";"-";1;12-200;"-";;
DemEventParameter_ECU4_DTC28;329;CTR_CLASS;"-";"-";1;12-200;"-";;
DemEventParameter_ECU4_DTC29;330;CTR_CLASS;"-";"-";1;12-200;"-";;
DemEventParameter_ECU4_DTC30;331;CTR_CLASS;"-";"-";1;12-200;"-";;
DemEventParameter_ECU4_DTC31;332;CTR_CLASS;"-";"-";1;12-200;"-";;
DemEventParameter_ECU4_DTC32;333;CTR_CLASS;"-";"-";1;12-200;"-";;
DemEventParameter_ECU4_DTC33;334;CTR_CLASS;"-";"-";1;12-200;"-";;
DemEventParameter_ECU4_DTC34;335;CTR_CLASS;"-";"-";1;12-200;"-";;
DemEventParameter_ECU4_DTC35;336;CTR_CLASS;"-";"-";1;12-200;"-";;
DemEventParameter_ECU4_DTC36;337;CTR_CLASS;"-";"-";1;12-200;"-";;
DemEventParameter_ECU4_DTC37;338;CTR_CLASS;"-";"-";1;12-200;"-";;
DemEventParameter_ECU4_DTC38;339;CTR_CLASS;"-";"-";1;12-200;"-";;
DemEventParameter_ECU4_DTC39;340;CTR_CLASS;"-";"-";1;12-200;"-";;
DemEventParameter_ECU4_DTC40;341;CTR_CLASS;"-";"-";1;12-200;"-";;
DemEventParameter_ECU4_DTC41;342;CTR_CLASS;"-";"-";1;12-200;"-";;
DemEventParameter_ECU4_DTC42;343;CTR_CLASS;"-";"-";1;12-200;"-";;
DemEventParameter_ECU4_DTC43;344;CTR_CLASS;"-";"-";1;12-200;"-";;
DemEventParameter_ECU4_DTC44;345;CTR_CLASS;"-";"-";1;12-200;"-";;
DemEventParameter_ECU4_DTC45;346;CTR_CLASS;"-";"-";1;12-200;"-";;
DemEventParameter_ECU4_DTC46;347;CTR_CLASS;"-";"-";1;12-200;"-";;
DemEventParameter_ECU4_DTC47;348;CTR_CLASS;"-";"-";1;12-200;"-";;
DemEventParameter_ECU4_DTC48;349;CTR_CLASS;"-";"-";1;12-200;"-";;
DemEventParameter_ECU4_DTC49;350;CTR_CLASS;"-";"-";1;12-200;"-";;
DemEventParameter_ECU4_DTC50;351;CTR_CLASS;"-";"-";1;12-200;"-";;
DemEventParameter_ECU4_DTC51;352;CTR_CLASS;"-";"-";1;12-200;"-";;
DemEventParameter_ECU4_DTC52;353;CTR_CLASS;"-";"-";1;12-200;"-";;
DemEventParameter_ECU4_DTC53;354;CTR_CLASS;"-";"-";1;12-200;"-";;
DemEventParameter_ECU4_DTC54;355;CTR_CLASS;"-";"-";1;12-200;"-";;
DemEventParameter_ECU4_DTC55;356;CTR_CLASS;"-";"-";1;12-200;"-";;
DemEventParameter_ECU4_DTC56;357;CTR_CLASS;"-";"-";1;12-200;"-";;
DemEventParameter_ECU4_DTC57;358;CTR_CLASS;"-";"-";1;12-200;"-";;
DemEventParameter_ECU4_DTC58;359;CTR_CLASS;"-";"-";1;12-200;"-";;
DemEventParameter_ECU4_DTC59;360;CTR_CLASS;"-";"-";1;12-200;"-";;
DemEventParameter_ECU4_DTC60;361;CTR_CLASS;"-";"-";1;12-200;"-";;
DemEventParameter_ECU4_DTC61;362;CTR_CLASS;"-";"-";1;12-200;"-";;
DemEventParameter_ECU4_DTC62;363;CTR_CLASS;"-";"-";1;12-200;"-";;
DemEventParameter_ECU4_DTC63;364;CTR_CLASS;"-";"-";1;12-200;"-";;
DemEventParameter_ECU4_DTC64;365;CTR_CLASS;"-";"-";1;12-200;"-";;
DemEventParameter_ECU4_DTC65;366;CTR_CLASS;"-";"-";1;12-200;"-";;
DemEventParameter_ECU4_DTC66;367;CTR_CLASS;"-";"-";1;12-200;"-";;
DemEventParameter_ECU4_DTC67;368;CTR_CLASS;"-";"-";1;12-200;"-";;
DemEventParameter_ECU4_DTC68;369;CTR_CLASS;"-";"-";1;12-200;"-";;
DemEventParameter_ECU4_DTC69;370;CTR_CLASS;"-";"-";1;12-200;"-";;
DemEventParameter_ECU4_DTC70;371;CTR_CLASS;"-";"-";1;12-200;"-";;
DemEventParameter_ECU4_DTC71;372;CTR_CLASS;"-";"-";1;12-200;"-";;
DemEventParameter_ECU4_DTC72;373;CTR_CLASS;"-";"-";1;12-200;"-";;
DemEventParameter_ECU4_DTC73;374;CTR_CLASS;"-";"-";1;12-200;"-";;
DemEventParameter_ECU4_DTC74;375;CTR_CLASS;"-";"-";1;12-200;"-";;
DemEventParameter_ECU4_DTC75;376;CTR_CLASS;"-";"-";1;12-200;"-";;
DemEventParameter_ECU4_DTC76;377;CTR_CLASS;"-";"-";1;12-200;"-";;
DemEventParameter_ECU4_DTC77;378;CTR_CLASS;"-";"-";1;12-200;"-";;
DemEventParameter_ECU4_DTC78;379;CTR_CLASS;"-";"-";1;12-200;"-";;
DemEventParameter_ECU4_DTC79;380;CTR_CLASS;"-";"-";1;12-200;"-";;
DemEventParameter_ECU4_DTC80;381;CTR_CLASS;"-";"-";1;12-200;"-";;
DemEventParameter_ECU4_DTC81;382;CTR_CLASS;"-";"-";1;12-200;"-";;
DemEventParameter_ECU4_DTC82;383;CTR_CLASS;"-";"-";1;12-200;"-";;
DemEventParameter_ECU4_DTC83;384;CTR_CLASS;"-";"-";1;12-200;"-";;
DemEventParameter_ECU4_DTC84;385;CTR_CLASS;"-";"-";1;12-200;"-";;
DemEventParameter_ECU4_DTC85;386;CTR_CLASS;"-";"-";1;12-200;"-";;
DemEventParameter_ECU4_DTC86;387;CTR_CLASS;"-";"-";1;12-200;"-";;
DemEventParameter_ECU4_DTC87;388;CTR_CLASS;"-";"-";1;12-200;"-";;
DemEventParameter_ECU4_DTC88;389;CTR_CLASS;"-";"-";1;12-200;"-";;
DemEventParameter_ECU4_DTC89;390;CTR_CLASS;"-";"-";1;12-200;"-";;
DemEventParameter_ECU4_DTC90;391;CTR_CLASS;"-";"-";1;12-200;"-";;
DemEventParameter_ECU4_DTC91;392;CTR_CLASS;"-";"-";1;12-200;"-";;
DemEventParameter_ECU4_DTC92;393;CTR_CLASS;"-";"-";1;12-200;"-";;
DemEventParameter_ECU4_DTC93;394;CTR_CLASS;"-";"-";1;12-200;"-";;
DemEventParameter_ECU4_DTC94;395;CTR_CLASS;"-";"-";1;12-200;"-";;
DemEventParameter_ECU4_DTC95;396;CTR_CLASS;"-";"-";1;12-200;"-";;
DemEventParameter_ECU4_DTC96;397;CTR_CLASS;"-";"-";1;12-200;"-";;
DemEventParameter_ECU4_DTC97;398;CTR_CLASS;"-";"-";1;12-200;"-";;
DemEventParameter_ECU4_DTC98;399;CTR_CLASS;"-";"-";1;12-200;"-";;
DemEventParameter_ECU4_DTC99;400;CTR_CLASS;"-";"-";1;12-200;"-";;
DemEventParameter_ECU5_DTC00;401;CTR_CLASS;"-";"-";1;12-200;"-";;
DemEventParameter_ECU5_DTC01;402;CTR_CLASS;"-";"-";1;12-200;"-";;
DemEventParameter_ECU5_DTC02;403;CTR_CLASS;"-";"-";1;12-200;"-";;
DemEventParameter_ECU5_DTC03;404;CTR_CLASS;"-";"-";1;12-200;"-";;
DemEventParameter_ECU5_DTC04;405;CTR_CLASS;"-";"-";1;12-200;"-";;
DemEventParameter_ECU5_DTC05;406;CTR_CLASS;"-";"-";1;12-200;"-";;
DemEventParameter_ECU5_DTC06;407;CTR_CLASS;"-";"-";1;12-200;"-";;
DemEventParameter_ECU5_DTC07;408;CTR_CLASS;"-";"-";1;12-200;"-";;
DemEventParameter_ECU5_DTC08;409;CTR_CLASS;"-";"-";1;12-200;"-";;
DemEventParameter_ECU5_DTC09;410;CTR_CLASS;"-";"-";1;12-200;"-";;
DemEventParameter_ECU5_DTC10;411;CTR_CLASS;"-";"-";1;12-200;"-";;
DemEventParameter_ECU5_DTC11;412;CTR_CLASS;"-";"-";1;12-200;"-";;
DemEventParameter_ECU5_DTC12;413;CTR_CLASS;"-";"-";1;12-200;"-";;
DemEventParameter_ECU5_DTC13;414;CTR_CLASS;"-";"-";1;12-200;"-";;
DemEventParameter_ECU5_DTC14;415;CTR_CLASS;"-";"-";1;12-200;"-";;
DemEventParameter_ECU5_DTC15;416;CTR_CLASS;"-";"-";1;12-200;"-";;
DemEventParameter_ECU5_DTC16;417;CTR_CLASS;"-";"-";1;12-200;"-";;
DemEventParameter_ECU5_DTC17;418;CTR_CLASS;"-";"-";1;12-200;"-";;
DemEventParameter_ECU5_DTC18;419;CTR_CLASS;"-";"-";1;12-200;"-";;
DemEventParameter_ECU5_DTC19;420;CTR_CLASS;"-";"-";1;12-200;"-";;
DemEventParameter_ECU5_DTC20;421;CTR_CLASS;"-";"-";1;12-200;"-";;
DemEventParameter_ECU5_DTC21;422;CTR_CLASS;"-";"-";1;12-200;"-";;
DemEventParameter_ECU5_DTC22;423;CTR_CLASS;"-";"-";1;12-200;"-";;
DemEventParameter_ECU5_DTC23;424;CTR_CLASS;"-";"-";1;12-200;"-";;
DemEventParameter_ECU5_DTC24;425;CTR_CLASS;"-";"-";1;12-200;"-";;
DemEventParameter_ECU5_DTC25;426;CTR_CLASS;"-";"-";1;12-200;"-";;
DemEventParameter_ECU5_DTC26;427;CTR_CLASS;"-";"-";1;12-200;"-";;
DemEventParameter_ECU5_DTC27;428;CTR_CLASS;"-";"-";1;12-200;"-";;
DemEventParameter_ECU5_DTC28;429;CTR_CLASS;"-";"-";1;12-200;"-";;
DemEventParameter_ECU5_DTC29;430;CTR_CLASS;"-";"-";1;12-200;"-";;
DemEventParameter_ECU5_DTC30;431;CTR_CLASS;"-";"-";1;12-200;"-";;
DemEventParameter_ECU5_DTC31;432;CTR_CLASS;"-";"-";1;12-200;"-";;
DemEventParameter_ECU5_DTC32;433;CTR_CLASS;"-";"-";1;12-200;"-";;
DemEventParameter_ECU5_DTC33;434;CTR_CLASS;"-";"-";1;12-200;"-";;
DemEventParameter_ECU5_DTC34;435;CTR_CLASS;"-";"-";1;12-200;"-";;
DemEventParameter_ECU5_DTC35;436;CTR_CLASS;"-";"-";1;12-200;"-";;
DemEventParameter_ECU5_DTC36;437;CTR_CLASS;"-";"-";1;12-200;"-";;
DemEventParameter_ECU5_DTC37;438;CTR_CLASS;"-";"-";1;12-200;"-";;
DemEventParameter_ECU5_DTC38;439;CTR_CLASS;"-";"-";1;12-200;"-";;
DemEventParameter_ECU5_DTC39;440;CTR_CLASS;"-";"-";1;12-200;"-";;
DemEventParameter_ECU5_DTC40;441;CTR_CLASS;"-";"-";1;12-200;"-";;
DemEventParameter_ECU5_DTC41;442;CTR_CLASS;"-";"-";1;12-200;"-";;
DemEventParameter_ECU5_DTC42;443;CTR_CLASS;"-";"-";1;12-200;"-";;
DemEventParameter_ECU5_DTC43;444;CTR_CLASS;"-";"-";1;12-200;"-";;
DemEventParameter_ECU5_DTC44;445;CTR_CLASS;"-";"-";1;12-200;"-";;
DemEventParameter_ECU5_DTC45;446;CTR_CLASS;"-";"-";1;12-200;"-";;
DemEventParameter_ECU5_DTC46;447;CTR_CLASS;"-";"-";1;12-200;"-";;
DemEventParameter_ECU5_DTC47;448;CTR_CLASS;"-";"-";1;12-200;"-";;
DemEventParameter_ECU5_DTC48;449;CTR_CLASS;"-";"-";1;12-200;"-";;
DemEventParameter_ECU5_DTC49;450;CTR_CLASS;"-";"-";1;12-200;"-";;
DemEventParameter_ECU5_DTC50;451;CTR_CLASS;"-";"-";1;12-200;"-";;
DemEventParameter_ECU5_DTC51;452;CTR_CLASS;"-";"-";1;12-200;"-";;
DemEventParameter_ECU5_DTC52;453;CTR_CLASS;"-";"-";1;12-200;"-";;
DemEventParameter_ECU5_DTC53;454;CTR_CLASS;"-";"-";1;12-200;"-";;
DemEventParameter_ECU5_DTC54;455;CTR_CLASS;"-";"-";1;12-200;"-";;
DemEventParameter_ECU5_DTC55;456;CTR_CLASS;"-";"-";1;12-200;"-";;
DemEventParameter_ECU5_DTC56;457;CTR_CLASS;"-";"-";1;12-200;"-";;
DemEventParameter_ECU5_DTC57;458;CTR_CLASS;"-";"-";1;12-200;"-";;
DemEventParameter_ECU5_DTC58;459;CTR_CLASS;"-";"-";1;12-200;"-";;
DemEventParameter_ECU5_DTC59;460;CTR_CLASS;"-";"-";1;12-200;"-";;
DemEventParameter_ECU5_DTC60;461;CTR_CLASS;"-";"-";1;12-200;"-";;
DemEventParameter_ECU5_DTC61;462;CTR_CLASS;"-";"-";1;12-200;"-";;
DemEventParameter_ECU5_DTC62;463;CTR_CLASS;"-";"-";1;12-200;"-";;
DemEventParameter_ECU5_DTC63;464;CTR_CLASS;"-";"-";1;12-200;"-";;
DemEventParameter_ECU5_DTC64;465;CTR_CLASS;"-";"-";1;12-200;"-";;
DemEventParameter_ECU5_DTC65;466;CTR_CLASS;"-";"-";1;12-200;"-";;
DemEventParameter_ECU5_DTC66;467;CTR_CLASS;"-";"-";1;12-200;"-";;
DemEventParameter_ECU5_DTC67;468;CTR_CLASS;"-";"-";1;12-200;"-";;
DemEventParameter_ECU5_DTC68;469;CTR_CLASS;"-";"-";1;12-200;"-";;
DemEventParameter_ECU5_DTC69;470;CTR_CLASS;"-";"-";1;12-200;"-";;
DemEventParameter_ECU5_DTC70;471;CTR_CLASS;"-";"-";1;12-200;"-";;
DemEventParameter_ECU5_DTC71;472;CTR_CLASS;"-";"-";1;12-200;"-";;
DemEventParameter_ECU5_DTC72;473;CTR_CLASS;"-";"-";1;12-200;"-";;
DemEventParameter_ECU5_DTC73;474;CTR_CLASS;"-";"-";1;12-200;"-";;
DemEventParameter_ECU5_DTC74;475;CTR_CLASS;"-";"-";1;12-200;"-";;
DemEventParameter_ECU5_DTC75;476;CTR_CLASS;"-";"-";1;12-200;"-";;
DemEventParameter_ECU5_DTC76;477;CTR_CLASS;"-";"-";1;12-200;"-";;
DemEventParameter_ECU5_DTC77;478;CTR_CLASS;"-";"-";1;12-200;"-";;
DemEventParameter_ECU5_DTC78;479;CTR_CLASS;"-";"-";1;12-200;"-";;
DemEventParameter_ECU5_DTC79;480;CTR_CLASS;"-";"-";1;12-200;"-";;
DemEventParameter_ECU5_DTC80;481;CTR_CLASS;"-";"-";1;12-200;"-";;
DemEventParameter_ECU5_DTC81;482;CTR_CLASS;"-";"-";1;12-200;"-";;
DemEventParameter_ECU5_DTC82;483;CTR_CLASS;"-";"-";1;12-200;"-";;
DemEventParameter_ECU5_DTC83;484;CTR_CLASS;"-";"-";1;12-200;"-";;
DemEventParameter_ECU5_DTC84;485;CTR_CLASS;"-";"-";1;12-200;"-";;
DemEventParameter_ECU5_DTC85;486;CTR_CLASS;"-";"-";1;12-200;"-";;
DemEventParameter_ECU5_DTC86;487;CTR_CLASS;"-";"-";1;12-200;"-";;
DemEventParameter_ECU5_DTC87;488;CTR_CLASS;"-";"-";1;12-200;"-";;
DemEventParameter_ECU5_DTC88;489;CTR_CLASS;"-";"-";1;12-200;"-";;
DemEventParameter_ECU5_DTC89;490;CTR_CLASS;"-";"-";1;12-200;"-";;
DemEventParameter_ECU5_DTC90;491;CTR_CLASS;"-";"-";1;12-200;"-";;
DemEventParameter_ECU5_DTC91;492;CTR_CLASS;"-";"-";1;12-200;"-";;
DemEventParameter_ECU5_DTC92;493;CTR_CLASS;"-";"-";1;12-200;"-";;
DemEventParameter_ECU5_DTC93;494;CTR_CLASS;"-";"-";1;12-200;"-";;
DemEventParameter_ECU5_DTC94;495;CTR_CLASS;"-";"-";1;12-200;"-";;
DemEventParameter_ECU5_DTC95;496;CTR_CLASS;"-";"-";1;12-200;"-";;
DemEventParameter_ECU5_DTC96;497;CTR_CLASS;"-";"-";1;12-200;"-";;
DemEventParameter_ECU5_DTC97;498;CTR_CLASS;"-";"-";1;12-200;"-";;
DemEventParameter_ECU5_DTC98;499;CTR_CLASS;"-";"-";1;12-200;"-";;
DemEventParameter_ECU5_DTC99;500;CTR_CLASS;"-";"-";1;12-200;"-";;
