Node;NodeId;GraphLevel;All ChildNodes;
Assigned Events;
Ignores Prio;
FailedCallback;
DemComponent_ECU1_DTC00;1;0;[];[DemEventParameter_ECU1_DTC00];FALSE;;
DemComponent_ECU1_DTC01;2;0;[];[DemEventParameter_ECU1_DTC01];FALSE;;
DemComponent_ECU1_DTC02;3;0;[];[DemEventParameter_ECU1_DTC02];FALSE;;
DemComponent_ECU1_DTC03;4;0;[];[DemEventParameter_ECU1_DTC03];FALSE;;
DemComponent_ECU1_DTC04;5;0;[];[DemEventParameter_ECU1_DTC04];FALSE;;
DemComponent_ECU1_DTC05;6;0;[];[DemEventParameter_ECU1_DTC05];FALSE;;
DemComponent_ECU1_DTC06;7;0;[];[DemEventParameter_ECU1_DTC06];FALSE;;
DemComponent_ECU1_DTC07;8;0;[];[DemEventParameter_ECU1_DTC07];FALSE;;
DemComponent_ECU1_DTC08;9;0;[];[DemEventParameter_ECU1_DTC08];FALSE;;
DemComponent_ECU1_DTC09;10;0;[];[DemEventParameter_ECU1_DTC09];FALSE;;
DemComponent_ECU1_DTC10;11;0;[];[DemEventParameter_ECU1_DTC10];FALSE;;
DemComponent_ECU1_DTC11;12;0;[];[DemEventParameter_ECU1_DTC11];FALSE;;
DemComponent_ECU1_DTC12;13;0;[];[DemEventParameter_ECU1_DTC12];FALSE;;
DemComponent_ECU1_DTC13;14;0;[];[DemEventParameter_ECU1_DTC13];FALSE;;
DemComponent_ECU1_DTC14;15;0;[];[DemEventParameter_ECU1_DTC14];FALSE;;
DemComponent_ECU1_DTC15;16;0;[];[DemEventParameter_ECU1_DTC15];FALSE;;
DemComponent_ECU1_DTC16;17;0;[];[DemEventParameter_ECU1_DTC16];FALSE;;
DemComponent_ECU1_DTC17;18;0;[];[DemEventParameter_ECU1_DTC17];FALSE;;
DemComponent_ECU1_DTC18;19;0;[];[DemEventParameter_ECU1_DTC18];FALSE;;
DemComponent_ECU1_DTC19;20;0;[];[DemEventParameter_ECU1_DTC19];FALSE;;
DemComponent_ECU1_DTC20;21;0;[];[DemEventParameter_ECU1_DTC20];FALSE;;
DemComponent_ECU1_DTC21;22;0;[];[DemEventParameter_ECU1_DTC21];FALSE;;
DemComponent_ECU1_DTC22;23;0;[];[DemEventParameter_ECU1_DTC22];FALSE;;
DemComponent_ECU1_DTC23;24;0;[];[DemEventParameter_ECU1_DTC23];FALSE;;
DemComponent_ECU1_DTC24;25;0;[];[DemEventParameter_ECU1_DTC24];FALSE;;
DemComponent_ECU1_DTC25;26;0;[];[DemEventParameter_ECU1_DTC25];FALSE;;
DemComponent_ECU1_DTC26;27;0;[];[DemEventParameter_ECU1_DTC26];FALSE;;
DemComponent_ECU1_DTC27;28;0;[];[DemEventParameter_ECU1_DTC27];FALSE;;
DemComponent_ECU1_DTC28;29;0;[];[DemEventParameter_ECU1_DTC28];FALSE;;
DemComponent_ECU1_DTC29;30;0;[];[DemEventParameter_ECU1_DTC29];FALSE;;
DemComponent_ECU1_DTC30;31;0;[];[DemEventParameter_ECU1_DTC30];FALSE;;
DemComponent_ECU1_DTC31;32;0;[];[DemEventParameter_ECU1_DTC31];FALSE;;
DemComponent_ECU1_DTC32;33;0;[];[DemEventParameter_ECU1_DTC32];FALSE;;
DemComponent_ECU1_DTC33;34;0;[];[DemEventParameter_ECU1_DTC33];FALSE;;
DemComponent_ECU1_DTC34;35;0;[];[DemEventParameter_ECU1_DTC34];FALSE;;
DemComponent_ECU1_DTC35;36;0;[];[DemEventParameter_ECU1_DTC35];FALSE;;
DemComponent_ECU1_DTC36;37;0;[];[DemEventParameter_ECU1_DTC36];FALSE;;
DemComponent_ECU1_DTC37;38;0;[];[DemEventParameter_ECU1_DTC37];FALSE;;
DemComponent_ECU1_DTC38;39;0;[];[DemEventParameter_ECU1_DTC38];FALSE;;
DemComponent_ECU1_DTC39;40;0;[];[DemEventParameter_ECU1_DTC39];FALSE;;
DemComponent_ECU1_DTC40;41;0;[];[DemEventParameter_ECU1_DTC40];FALSE;;
DemComponent_ECU1_DTC41;42;0;[];[DemEventParameter_ECU1_DTC41];FALSE;;
DemComponent_ECU1_DTC42;43;0;[];[DemEventParameter_ECU1_DTC42];FALSE;;
DemComponent_ECU1_DTC43;44;0;[];[DemEventParameter_ECU1_DTC43];FALSE;;
DemComponent_ECU1_DTC44;45;0;[];[DemEventParameter_ECU1_DTC44];FALSE;;
DemComponent_ECU1_DTC45;46;0;[];[DemEventParameter_ECU1_DTC45];FALSE;;
DemComponent_ECU1_DTC46;47;0;[];[DemEventParameter_ECU1_DTC46];FALSE;;
DemComponent_ECU1_DTC47;48;0;[];[DemEventParameter_ECU1_DTC47];FALSE;;
DemComponent_ECU1_DTC48;49;0;[];[DemEventParameter_ECU1_DTC48];FALSE;;
DemComponent_ECU1_DTC49;50;0;[];[DemEventParameter_ECU1_DTC49];FALSE;;
DemComponent_ECU1_DTC50;51;0;[];[DemEventParameter_ECU1_DTC50];FALSE;;
DemComponent_ECU1_DTC51;52;0;[];[DemEventParameter_ECU1_DTC51];FALSE;;
DemComponent_ECU1_DTC52;53;0;[];[DemEventParameter_ECU1_DTC52];FALSE;;
DemComponent_ECU1_DTC53;54;0;[];[DemEventParameter_ECU1_DTC53];FALSE;;
DemComponent_ECU1_DTC54;55;0;[];[DemEventParameter_ECU1_DTC54];FALSE;;
DemComponent_ECU1_DTC55;56;0;[];[DemEventParameter_ECU1_DTC55];FALSE;;
DemComponent_ECU1_DTC56;57;0;[];[DemEventParameter_ECU1_DTC56];FALSE;;
DemComponent_ECU1_DTC57;58;0;[];[DemEventParameter_ECU1_DTC57];FALSE;;
DemComponent_ECU1_DTC58;59;0;[];[DemEventParameter_ECU1_DTC58];FALSE;;
DemComponent_ECU1_DTC59;60;0;[];[DemEventParameter_ECU1_DTC59];FALSE;;
DemComponent_ECU1_DTC60;61;0;[];[DemEventParameter_ECU1_DTC60];FALSE;;
DemComponent_ECU1_DTC61;62;0;[];[DemEventParameter_ECU1_DTC61];FALSE;;
DemComponent_ECU1_DTC62;63;0;[];[DemEventParameter_ECU1_DTC62];FALSE;;
DemComponent_ECU1_DTC63;64;0;[];[DemEventParameter_ECU1_DTC63];FALSE;;
DemComponent_ECU1_DTC64;65;0;[];[DemEventParameter_ECU1_DTC64];FALSE;;
DemComponent_ECU1_DTC65;66;0;[];[DemEventParameter_ECU1_DTC65];FALSE;;
DemComponent_ECU1_DTC66;67;0;[];[DemEventParameter_ECU1_DTC66];FALSE;;
DemComponent_ECU1_DTC67;68;0;[];[DemEventParameter_ECU1_DTC67];FALSE;;
DemComponent_ECU1_DTC68;69;0;[];[DemEventParameter_ECU1_DTC68];FALSE;;
DemComponent_ECU1_DTC69;70;0;[];[DemEventParameter_ECU1_DTC69];FALSE;;
DemComponent_ECU1_DTC70;71;0;[];[DemEventParameter_ECU1_DTC70];FALSE;;
DemComponent_ECU1_DTC71;72;0;[];[DemEventParameter_ECU1_DTC71];FALSE;;
DemComponent_ECU1_DTC72;73;0;[];[DemEventParameter_ECU1_DTC72];FALSE;;
DemComponent_ECU1_DTC73;74;0;[];[DemEventParameter_ECU1_DTC73];FALSE;;
DemComponent_ECU1_DTC74;75;0;[];[DemEventParameter_ECU1_DTC74];FALSE;;
DemComponent_ECU1_DTC75;76;0;[];[DemEventParameter_ECU1_DTC75];FALSE;;
DemComponent_ECU1_DTC76;77;0;[];[DemEventParameter_ECU1_DTC76];FALSE;;
DemComponent_ECU1_DTC77;78;0;[];[DemEventParameter_ECU1_DTC77];FALSE;;
DemComponent_ECU1_DTC78;79;0;[];[DemEventParameter_ECU1_DTC78];FALSE;;
DemComponent_ECU1_DTC79;80;0;[];[DemEventParameter_ECU1_DTC79];FALSE;;
DemComponent_ECU1_DTC80;81;0;[];[DemEventParameter_ECU1_DTC80];FALSE;;
DemComponent_ECU1_DTC81;82;0;[];[DemEventParameter_ECU1_DTC81];FALSE;;
DemComponent_ECU1_DTC82;83;0;[];[DemEventParameter_ECU1_DTC82];FALSE;;
DemComponent_ECU1_DTC83;84;0;[];[DemEventParameter_ECU1_DTC83];FALSE;;
DemComponent_ECU1_DTC84;85;0;[];[DemEventParameter_ECU1_DTC84];FALSE;;
DemComponent_ECU1_DTC85;86;0;[];[DemEventParameter_ECU1_DTC85];FALSE;;
DemComponent_ECU1_DTC86;87;0;[];[DemEventParameter_ECU1_DTC86];FALSE;;
DemComponent_ECU1_DTC87;88;0;[];[DemEventParameter_ECU1_DTC87];FALSE;;
DemComponent_ECU1_DTC88;89;0;[];[DemEventParameter_ECU1_DTC88];FALSE;;
DemComponent_ECU1_DTC89;90;0;[];[DemEventParameter_ECU1_DTC89];FALSE;;
DemComponent_ECU1_DTC90;91;0;[];[DemEventParameter_ECU1_DTC90];FALSE;;
DemComponent_ECU1_DTC91;92;0;[];[DemEventParameter_ECU1_DTC91];FALSE;;
DemComponent_ECU1_DTC92;93;0;[];[DemEventParameter_ECU1_DTC92];FALSE;;
DemComponent_ECU1_DTC93;94;0;[];[DemEventParameter_ECU1_DTC93];FALSE;;
DemComponent_ECU1_DTC94;95;0;[];[DemEventParameter_ECU1_DTC94];FALSE;;
DemComponent_ECU1_DTC95;96;0;[];[DemEventParameter_ECU1_DTC95];FALSE;;
DemComponent_ECU1_DTC96;97;0;[];[DemEventParameter_ECU1_DTC96];FALSE;;
DemComponent_ECU1_DTC97;98;0;[];[DemEventParameter_ECU1_DTC97];FALSE;;
DemComponent_ECU1_DTC98;99;0;[];[DemEventParameter_ECU1_DTC98];FALSE;;
DemComponent_ECU1_DTC99;100;0;[];[DemEventParameter_ECU1_DTC99];FALSE;;
DemComponent_ECU2_DTC00;101;0;[];[DemEventParameter_ECU2_DTC00];FALSE;;
DemComponent_ECU2_DTC01;102;0;[];[DemEventParameter_ECU2_DTC01];FALSE;;
DemComponent_ECU2_DTC02;103;0;[];[DemEventParameter_ECU2_DTC02];FALSE;;
DemComponent_ECU2_DTC03;104;0;[];[DemEventParameter_ECU2_DTC03];FALSE;;
DemComponent_ECU2_DTC04;105;0;[];[DemEventParameter_ECU2_DTC04];FALSE;;
DemComponent_ECU2_DTC05;106;0;[];[DemEventParameter_ECU2_DTC05];FALSE;;
DemComponent_ECU2_DTC06;107;0;[];[DemEventParameter_ECU2_DTC06];FALSE;;
DemComponent_ECU2_DTC07;108;0;[];[DemEventParameter_ECU2_DTC07];FALSE;;
DemComponent_ECU2_DTC08;109;0;[];[DemEventParameter_ECU2_DTC08];FALSE;;
DemComponent_ECU2_DTC09;110;0;[];[DemEventParameter_ECU2_DTC09];FALSE;;
DemComponent_ECU2_DTC10;111;0;[];[DemEventParameter_ECU2_DTC10];FALSE;;
DemComponent_ECU2_DTC11;112;0;[];[DemEventParameter_ECU2_DTC11];FALSE;;
DemComponent_ECU2_DTC12;113;0;[];[DemEventParameter_ECU2_DTC12];FALSE;;
DemComponent_ECU2_DTC13;114;0;[];[DemEventParameter_ECU2_DTC13];FALSE;;
DemComponent_ECU2_DTC14;115;0;[];[DemEventParameter_ECU2_DTC14];FALSE;;
DemComponent_ECU2_DTC15;116;0;[];[DemEventParameter_ECU2_DTC15];FALSE;;
DemComponent_ECU2_DTC16;117;0;[];[DemEventParameter_ECU2_DTC16];FALSE;;
DemComponent_ECU2_DTC17;118;0;[];[DemEventParameter_ECU2_DTC17];FALSE;;
DemComponent_ECU2_DTC18;119;0;[];[DemEventParameter_ECU2_DTC18];FALSE;;
DemComponent_ECU2_DTC19;120;0;[];[DemEventParameter_ECU2_DTC19];FALSE;;
DemComponent_ECU2_DTC20;121;0;[];[DemEventParameter_ECU2_DTC20];FALSE;;
DemComponent_ECU2_DTC21;122;0;[];[DemEventParameter_ECU2_DTC21];FALSE;;
DemComponent_ECU2_DTC22;123;0;[];[DemEventParameter_ECU2_DTC22];FALSE;;
DemComponent_ECU2_DTC23;124;0;[];[DemEventParameter_ECU2_DTC23];FALSE;;
DemComponent_ECU2_DTC24;125;0;[];[DemEventParameter_ECU2_DTC24];FALSE;;
DemComponent_ECU2_DTC25;126;0;[];[DemEventParameter_ECU2_DTC25];FALSE;;
DemComponent_ECU2_DTC26;127;0;[];[DemEventParameter_ECU2_DTC26];FALSE;;
DemComponent_ECU2_DTC27;128;0;[];[DemEventParameter_ECU2_DTC27];FALSE;;
DemComponent_ECU2_DTC28;129;0;[];[DemEventParameter_ECU2_DTC28];FALSE;;
DemComponent_ECU2_DTC29;130;0;[];[DemEventParameter_ECU2_DTC29];FALSE;;
DemComponent_ECU2_DTC30;131;0;[];[DemEventParameter_ECU2_DTC30];FALSE;;
DemComponent_ECU2_DTC31;132;0;[];[DemEventParameter_ECU2_DTC31];FALSE;;
DemComponent_ECU2_DTC32;133;0;[];[DemEventParameter_ECU2_DTC32];FALSE;;
DemComponent_ECU2_DTC33;134;0;[];[DemEventParameter_ECU2_DTC33];FALSE;;
DemComponent_ECU2_DTC34;135;0;[];[DemEventParameter_ECU2_DTC34];FALSE;;
DemComponent_ECU2_DTC35;136;0;[];[DemEventParameter_ECU2_DTC35];FALSE;;
DemComponent_ECU2_DTC36;137;0;[];[DemEventParameter_ECU2_DTC36];FALSE;;
DemComponent_ECU2_DTC37;138;0;[];[DemEventParameter_ECU2_DTC37];FALSE;;
DemComponent_ECU2_DTC38;139;0;[];[DemEventParameter_ECU2_DTC38];FALSE;;
DemComponent_ECU2_DTC39;140;0;[];[DemEventParameter_ECU2_DTC39];FALSE;;
DemComponent_ECU2_DTC40;141;0;[];[DemEventParameter_ECU2_DTC40];FALSE;;
DemComponent_ECU2_DTC41;142;0;[];[DemEventParameter_ECU2_DTC41];FALSE;;
DemComponent_ECU2_DTC42;143;0;[];[DemEventParameter_ECU2_DTC42];FALSE;;
DemComponent_ECU2_DTC43;144;0;[];[DemEventParameter_ECU2_DTC43];FALSE;;
DemComponent_ECU2_DTC44;145;0;[];[DemEventParameter_ECU2_DTC44];FALSE;;
DemComponent_ECU2_DTC45;146;0;[];[DemEventParameter_ECU2_DTC45];FALSE;;
DemComponent_ECU2_DTC46;147;0;[];[DemEventParameter_ECU2_DTC46];FALSE;;
DemComponent_ECU2_DTC47;148;0;[];[DemEventParameter_ECU2_DTC47];FALSE;;
DemComponent_ECU2_DTC48;149;0;[];[DemEventParameter_ECU2_DTC48];FALSE;;
DemComponent_ECU2_DTC49;150;0;[];[DemEventParameter_ECU2_DTC49];FALSE;;
DemComponent_ECU2_DTC50;151;0;[];[DemEventParameter_ECU2_DTC50];FALSE;;
DemComponent_ECU2_DTC51;152;0;[];[DemEventParameter_ECU2_DTC51];FALSE;;
DemComponent_ECU2_DTC52;153;0;[];[DemEventParameter_ECU2_DTC52];FALSE;;
DemComponent_ECU2_DTC53;154;0;[];[DemEventParameter_ECU2_DTC53];FALSE;;
DemComponent_ECU2_DTC54;155;0;[];[DemEventParameter_ECU2_DTC54];FALSE;;
DemComponent_ECU2_DTC55;156;0;[];[DemEventParameter_ECU2_DTC55];FALSE;;
DemComponent_ECU2_DTC56;157;0;[];[DemEventParameter_ECU2_DTC56];FALSE;;
DemComponent_ECU2_DTC57;158;0;[];[DemEventParameter_ECU2_DTC57];FALSE;;
DemComponent_ECU2_DTC58;159;0;[];[DemEventParameter_ECU2_DTC58];FALSE;;
DemComponent_ECU2_DTC59;160;0;[];[DemEventParameter_ECU2_DTC59];FALSE;;
DemComponent_ECU2_DTC60;161;0;[];[DemEventParameter_ECU2_DTC60];FALSE;;
DemComponent_ECU2_DTC61;162;0;[];[DemEventParameter_ECU2_DTC61];FALSE;;
DemComponent_ECU2_DTC62;163;0;[];[DemEventParameter_ECU2_DTC62];FALSE;;
DemComponent_ECU2_DTC63;164;0;[];[DemEventParameter_ECU2_DTC63];FALSE;;
DemComponent_ECU2_DTC64;165;0;[];[DemEventParameter_ECU2_DTC64];FALSE;;
DemComponent_ECU2_DTC65;166;0;[];[DemEventParameter_ECU2_DTC65];FALSE;;
DemComponent_ECU2_DTC66;167;0;[];[DemEventParameter_ECU2_DTC66];FALSE;;
DemComponent_ECU2_DTC67;168;0;[];[DemEventParameter_ECU2_DTC67];FALSE;;
DemComponent_ECU2_DTC68;169;0;[];[DemEventParameter_ECU2_DTC68];FALSE;;
DemComponent_ECU2_DTC69;170;0;[];[DemEventParameter_ECU2_DTC69];FALSE;;
DemComponent_ECU2_DTC70;171;0;[];[DemEventParameter_ECU2_DTC70];FALSE;;
DemComponent_ECU2_DTC71;172;0;[];[DemEventParameter_ECU2_DTC71];FALSE;;
DemComponent_ECU2_DTC72;173;0;[];[DemEventParameter_ECU2_DTC72];FALSE;;
DemComponent_ECU2_DTC73;174;0;[];[DemEventParameter_ECU2_DTC73];FALSE;;
DemComponent_ECU2_DTC74;175;0;[];[DemEventParameter_ECU2_DTC74];FALSE;;
DemComponent_ECU2_DTC75;176;0;[];[DemEventParameter_ECU2_DTC75];FALSE;;
DemComponent_ECU2_DTC76;177;0;[];[DemEventParameter_ECU2_DTC76];FALSE;;
DemComponent_ECU2_DTC77;178;0;[];[DemEventParameter_ECU2_DTC77];FALSE;;
DemComponent_ECU2_DTC78;179;0;[];[DemEventParameter_ECU2_DTC78];FALSE;;
DemComponent_ECU2_DTC79;180;0;[];[DemEventParameter_ECU2_DTC79];FALSE;;
DemComponent_ECU2_DTC80;181;0;[];[DemEventParameter_ECU2_DTC80];FALSE;;
DemComponent_ECU2_DTC81;182;0;[];[DemEventParameter_ECU2_DTC81];FALSE;;
DemComponent_ECU2_DTC82;183;0;[];[DemEventParameter_ECU2_DTC82];FALSE;;
DemComponent_ECU2_DTC83;184;0;[];[DemEventParameter_ECU2_DTC83];FALSE;;
DemComponent_ECU2_DTC84;185;0;[];[DemEventParameter_ECU2_DTC84];FALSE;;
DemComponent_ECU2_DTC85;186;0;[];[DemEventParameter_ECU2_DTC85];FALSE;;
DemComponent_ECU2_DTC86;187;0;[];[DemEventParameter_ECU2_DTC86];FALSE;;
DemComponent_ECU2_DTC87;188;0;[];[DemEventParameter_ECU2_DTC87];FALSE;;
DemComponent_ECU2_DTC88;189;0;[];[DemEventParameter_ECU2_DTC88];FALSE;;
DemComponent_ECU2_DTC89;190;0;[];[DemEventParameter_ECU2_DTC89];FALSE;;
DemComponent_ECU2_DTC90;191;0;[];[DemEventParameter_ECU2_DTC90];FALSE;;
DemComponent_ECU2_DTC91;192;0;[];[DemEventParameter_ECU2_DTC91];FALSE;;
DemComponent_ECU2_DTC92;193;0;[];[DemEventParameter_ECU2_DTC92];FALSE;;
DemComponent_ECU2_DTC93;194;0;[];[DemEventParameter_ECU2_DTC93];FALSE;;
DemComponent_ECU2_DTC94;195;0;[];[DemEventParameter_ECU2_DTC94];FALSE;;
DemComponent_ECU2_DTC95;196;0;[];[DemEventParameter_ECU2_DTC95];FALSE;;
DemComponent_ECU2_DTC96;197;0;[];[DemEventParameter_ECU2_DTC96];FALSE;;
DemComponent_ECU2_DTC97;198;0;[];[DemEventParameter_ECU2_DTC97];FALSE;;
DemComponent_ECU2_DTC98;199;0;[];[DemEventParameter_ECU2_DTC98];FALSE;;
DemComponent_ECU2_DTC99;200;0;[];[DemEventParameter_ECU2_DTC99];FALSE;;
DemComponent_ECU3_DTC00;201;0;[];[DemEventParameter_ECU3_DTC00];FALSE;;
DemComponent_ECU3_DTC01;202;0;[];[DemEventParameter_ECU3_DTC01];FALSE;;
DemComponent_ECU3_DTC02;203;0;[];[DemEventParameter_ECU3_DTC02];FALSE;;
DemComponent_ECU3_DTC03;204;0;[];[DemEventParameter_ECU3_DTC03];FALSE;;
DemComponent_ECU3_DTC04;205;0;[];[DemEventParameter_ECU3_DTC04];FALSE;;
DemComponent_ECU3_DTC05;206;0;[];[DemEventParameter_ECU3_DTC05];FALSE;;
DemComponent_ECU3_DTC06;207;0;[];[DemEventParameter_ECU3_DTC06];FALSE;;
DemComponent_ECU3_DTC07;208;0;[];[DemEventParameter_ECU3_DTC07];FALSE;;
DemComponent_ECU3_DTC08;209;0;[];[DemEventParameter_ECU3_DTC08];FALSE;;
DemComponent_ECU3_DTC09;210;0;[];[DemEventParameter_ECU3_DTC09];FALSE;;
DemComponent_ECU3_DTC10;211;0;[];[DemEventParameter_ECU3_DTC10];FALSE;;
DemComponent_ECU3_DTC11;212;0;[];[DemEventParameter_ECU3_DTC11];FALSE;;
DemComponent_ECU3_DTC12;213;0;[];[DemEventParameter_ECU3_DTC12];FALSE;;
DemComponent_ECU3_DTC13;214;0;[];[DemEventParameter_ECU3_DTC13];FALSE;;
DemComponent_ECU3_DTC14;215;0;[];[DemEventParameter_ECU3_DTC14];FALSE;;
DemComponent_ECU3_DTC15;216;0;[];[DemEventParameter_ECU3_DTC15];FALSE;;
DemComponent_ECU3_DTC16;217;0;[];[DemEventParameter_ECU3_DTC16];FALSE;;
DemComponent_ECU3_DTC17;218;0;[];[DemEventParameter_ECU3_DTC17];FALSE;;
DemComponent_ECU3_DTC18;219;0;[];[DemEventParameter_ECU3_DTC18];FALSE;;
DemComponent_ECU3_DTC19;220;0;[];[DemEventParameter_ECU3_DTC19];FALSE;;
DemComponent_ECU3_DTC20;221;0;[];[DemEventParameter_ECU3_DTC20];FALSE;;
DemComponent_ECU3_DTC21;222;0;[];[DemEventParameter_ECU3_DTC21];FALSE;;
DemComponent_ECU3_DTC22;223;0;[];[DemEventParameter_ECU3_DTC22];FALSE;;
DemComponent_ECU3_DTC23;224;0;[];[DemEventParameter_ECU3_DTC23];FALSE;;
DemComponent_ECU3_DTC24;225;0;[];[DemEventParameter_ECU3_DTC24];FALSE;;
DemComponent_ECU3_DTC25;226;0;[];[DemEventParameter_ECU3_DTC25];FALSE;;
DemComponent_ECU3_DTC26;227;0;[];[DemEventParameter_ECU3_DTC26];FALSE;;
DemComponent_ECU3_DTC27;228;0;[];[DemEventParameter_ECU3_DTC27];FALSE;;
DemComponent_ECU3_DTC28;229;0;[];[DemEventParameter_ECU3_DTC28];FALSE;;
DemComponent_ECU3_DTC29;230;0;[];[DemEventParameter_ECU3_DTC29];FALSE;;
DemComponent_ECU3_DTC30;231;0;[];[DemEventParameter_ECU3_DTC30];FALSE;;
DemComponent_ECU3_DTC31;232;0;[];[DemEventParameter_ECU3_DTC31];FALSE;;
DemComponent_ECU3_DTC32;233;0;[];[DemEventParameter_ECU3_DTC32];FALSE;;
DemComponent_ECU3_DTC33;234;0;[];[DemEventParameter_ECU3_DTC33];FALSE;;
DemComponent_ECU3_DTC34;235;0;[];[DemEventParameter_ECU3_DTC34];FALSE;;
DemComponent_ECU3_DTC35;236;0;[];[DemEventParameter_ECU3_DTC35];FALSE;;
DemComponent_ECU3_DTC36;237;0;[];[DemEventParameter_ECU3_DTC36];FALSE;;
DemComponent_ECU3_DTC37;238;0;[];[DemEventParameter_ECU3_DTC37];FALSE;;
DemComponent_ECU3_DTC38;239;0;[];[DemEventParameter_ECU3_DTC38];FALSE;;
DemComponent_ECU3_DTC39;240;0;[];[DemEventParameter_ECU3_DTC39];FALSE;;
DemComponent_ECU3_DTC40;241;0;[];[DemEventParameter_ECU3_DTC40];FALSE;;
DemComponent_ECU3_DTC41;242;0;[];[DemEventParameter_ECU3_DTC41];FALSE;;
DemComponent_ECU3_DTC42;243;0;[];[DemEventParameter_ECU3_DTC42];FALSE;;
DemComponent_ECU3_DTC43;244;0;[];[DemEventParameter_ECU3_DTC43];FALSE;;
DemComponent_ECU3_DTC44;245;0;[];[DemEventParameter_ECU3_DTC44];FALSE;;
DemComponent_ECU3_DTC45;246;0;[];[DemEventParameter_ECU3_DTC45];FALSE;;
DemComponent_ECU3_DTC46;247;0;[];[DemEventParameter_ECU3_DTC46];FALSE;;
DemComponent_ECU3_DTC47;248;0;[];[DemEventParameter_ECU3_DTC47];FALSE;;
DemComponent_ECU3_DTC48;249;0;[];[DemEventParameter_ECU3_DTC48];FALSE;;
DemComponent_ECU3_DTC49;250;0;[];[DemEventParameter_ECU3_DTC49];FALSE;;
DemComponent_ECU3_DTC50;251;0;[];[DemEventParameter_ECU3_DTC50];FALSE;;
DemComponent_ECU3_DTC51;252;0;[];[DemEventParameter_ECU3_DTC51];FALSE;;
DemComponent_ECU3_DTC52;253;0;[];[DemEventParameter_ECU3_DTC52];FALSE;;
DemComponent_ECU3_DTC53;254;0;[];[DemEventParameter_ECU3_DTC53];FALSE;;
DemComponent_ECU3_DTC54;255;0;[];[DemEventParameter_ECU3_DTC54];FALSE;;
DemComponent_ECU3_DTC55;256;0;[];[DemEventParameter_ECU3_DTC55];FALSE;;
DemComponent_ECU3_DTC56;257;0;[];[DemEventParameter_ECU3_DTC56];FALSE;;
DemComponent_ECU3_DTC57;258;0;[];[DemEventParameter_ECU3_DTC57];FALSE;;
DemComponent_ECU3_DTC58;259;0;[];[DemEventParameter_ECU3_DTC58];FALSE;;
DemComponent_ECU3_DTC59;260;0;[];[DemEventParameter_ECU3_DTC59];FALSE;;
DemComponent_ECU3_DTC60;261;0;[];[DemEventParameter_ECU3_DTC60];FALSE;;
DemComponent_ECU3_DTC61;262;0;[];[DemEventParameter_ECU3_DTC61];FALSE;;
DemComponent_ECU3_DTC62;263;0;[];[DemEventParameter_ECU3_DTC62];FALSE;;
DemComponent_ECU3_DTC63;264;0;[];[DemEventParameter_ECU3_DTC63];FALSE;;
DemComponent_ECU3_DTC64;265;0;[];[DemEventParameter_ECU3_DTC64];FALSE;;
DemComponent_ECU3_DTC65;266;0;[];[DemEventParameter_ECU3_DTC65];FALSE;;
DemComponent_ECU3_DTC66;267;0;[];[DemEventParameter_ECU3_DTC66];FALSE;;
DemComponent_ECU3_DTC67;268;0;[];[DemEventParameter_ECU3_DTC67];FALSE;;
DemComponent_ECU3_DTC68;269;0;[];[DemEventParameter_ECU3_DTC68];FALSE;;
DemComponent_ECU3_DTC69;270;0;[];[DemEventParameter_ECU3_DTC69];FALSE;;
DemComponent_ECU3_DTC70;271;0;[];[DemEventParameter_ECU3_DTC70];FALSE;;
DemComponent_ECU3_DTC71;272;0;[];[DemEventParameter_ECU3_DTC71];FALSE;;
DemComponent_ECU3_DTC72;273;0;[];[DemEventParameter_ECU3_DTC72];FALSE;;
DemComponent_ECU3_DTC73;274;0;[];[DemEventParameter_ECU3_DTC73];FALSE;;
DemComponent_ECU3_DTC74;275;0;[];[DemEventParameter_ECU3_DTC74];FALSE;;
DemComponent_ECU3_DTC75;276;0;[];[DemEventParameter_ECU3_DTC75];FALSE;;
DemComponent_ECU3_DTC76;277;0;[];[DemEventParameter_ECU3_DTC76];FALSE;;
DemComponent_ECU3_DTC77;278;0;[];[DemEventParameter_ECU3_DTC77];FALSE;;
DemComponent_ECU3_DTC78;279;0;[];[DemEventParameter_ECU3_DTC78];FALSE;;
DemComponent_ECU3_DTC79;280;0;[];[DemEventParameter_ECU3_DTC79];FALSE;;
DemComponent_ECU3_DTC80;281;0;[];[DemEventParameter_ECU3_DTC80];FALSE;;
DemComponent_ECU3_DTC81;282;0;[];[DemEventParameter_ECU3_DTC81];FALSE;;
DemComponent_ECU3_DTC82;283;0;[];[DemEventParameter_ECU3_DTC82];FALSE;;
DemComponent_ECU3_DTC83;284;0;[];[DemEventParameter_ECU3_DTC83];FALSE;;
DemComponent_ECU3_DTC84;285;0;[];[DemEventParameter_ECU3_DTC84];FALSE;;
DemComponent_ECU3_DTC85;286;0;[];[DemEventParameter_ECU3_DTC85];FALSE;;
DemComponent_ECU3_DTC86;287;0;[];[DemEventParameter_ECU3_DTC86];FALSE;;
DemComponent_ECU3_DTC87;288;0;[];[DemEventParameter_ECU3_DTC87];FALSE;;
DemComponent_ECU3_DTC88;289;0;[];[DemEventParameter_ECU3_DTC88];FALSE;;
DemComponent_ECU3_DTC89;290;0;[];[DemEventParameter_ECU3_DTC89];FALSE;;
DemComponent_ECU3_DTC90;291;0;[];[DemEventParameter_ECU3_DTC90];FALSE;;
DemComponent_ECU3_DTC91;292;0;[];[DemEventParameter_ECU3_DTC91];FALSE;;
DemComponent_ECU3_DTC92;293;0;[];[DemEventParameter_ECU3_DTC92];FALSE;;
DemComponent_ECU3_DTC93;294;0;[];[DemEventParameter_ECU3_DTC93];FALSE;;
DemComponent_ECU3_DTC94;295;0;[];[DemEventParameter_ECU3_DTC94];FALSE;;
DemComponent_ECU3_DTC95;296;0;[];[DemEventParameter_ECU3_DTC95];FALSE;;
DemComponent_ECU3_DTC96;297;0;[];[DemEventParameter_ECU3_DTC96];FALSE;;
DemComponent_ECU3_DTC97;298;0;[];[DemEventParameter_ECU3_DTC97];FALSE;;
DemComponent_ECU3_DTC98;299;0;[];[DemEventParameter_ECU3_DTC98];FALSE;;
DemComponent_ECU3_DTC99;300;0;[];[DemEventParameter_ECU3_DTC99];FALSE;;
DemComponent_ECU4_DTC00;301;0;[];[DemEventParameter_ECU4_DTC00];FALSE;;
DemComponent_ECU4_DTC01;302;0;[];[DemEventParameter_ECU4_DTC01];FALSE;;
DemComponent_ECU4_DTC02;303;0;[];[DemEventParameter_ECU4_DTC02];FALSE;;
DemComponent_ECU4_DTC03;304;0;[];[DemEventParameter_ECU4_DTC03];FALSE;;
DemComponent_ECU4_DTC04;305;0;[];[DemEventParameter_ECU4_DTC04];FALSE;;
DemComponent_ECU4_DTC05;306;0;[];[DemEventParameter_ECU4_DTC05];FALSE;;
DemComponent_ECU4_DTC06;307;0;[];[DemEventParameter_ECU4_DTC06];FALSE;;
DemComponent_ECU4_DTC07;308;0;[];[DemEventParameter_ECU4_DTC07];FALSE;;
DemComponent_ECU4_DTC08;309;0;[];[DemEventParameter_ECU4_DTC08];FALSE;;
DemComponent_ECU4_DTC09;310;0;[];[DemEventParameter_ECU4_DTC09];FALSE;;
DemComponent_ECU4_DTC10;311;0;[];[DemEventParameter_ECU4_DTC10];FALSE;;
DemComponent_ECU4_DTC11;312;0;[];[DemEventParameter_ECU4_DTC11];FALSE;;
DemComponent_ECU4_DTC12;313;0;[];[DemEventParameter_ECU4_DTC12];FALSE;;
DemComponent_ECU4_DTC13;314;0;[];[DemEventParameter_ECU4_DTC13];FALSE;;
DemComponent_ECU4_DTC14;315;0;[];[DemEventParameter_ECU4_DTC14];FALSE;;
DemComponent_ECU4_DTC15;316;0;[];[DemEventParameter_ECU4_DTC15];FALSE;;
DemComponent_ECU4_DTC16;317;0;[];[DemEventParameter_ECU4_DTC16];FALSE;;
DemComponent_ECU4_DTC17;318;0;[];[DemEventParameter_ECU4_DTC17];FALSE;;
DemComponent_ECU4_DTC18;319;0;[];[DemEventParameter_ECU4_DTC18];FALSE;;
DemComponent_ECU4_DTC19;320;0;[];[DemEventParameter_ECU4_DTC19];FALSE;;
DemComponent_ECU4_DTC20;321;0;[];[DemEventParameter_ECU4_DTC20];FALSE;;
DemComponent_ECU4_DTC21;322;0;[];[DemEventParameter_ECU4_DTC21];FALSE;;
DemComponent_ECU4_DTC22;323;0;[];[DemEventParameter_ECU4_DTC22];FALSE;;
DemComponent_ECU4_DTC23;324;0;[];[DemEventParameter_ECU4_DTC23];FALSE;;
DemComponent_ECU4_DTC24;325;0;[];[DemEventParameter_ECU4_DTC24];FALSE;;
DemComponent_ECU4_DTC25;326;0;[];[DemEventParameter_ECU4_DTC25];FALSE;;
DemComponent_ECU4_DTC26;327;0;[];[DemEventParameter_ECU4_DTC26];FALSE;;
DemComponent_ECU4_DTC27;328;0;[];[DemEventParameter_ECU4_DTC27];FALSE;;
DemComponent_ECU4_DTC28;329;0;[];[DemEventParameter_ECU4_DTC28];FALSE;;
DemComponent_ECU4_DTC29;330;0;[];[DemEventParameter_ECU4_DTC29];FALSE;;
DemComponent_ECU4_DTC30;331;0;[];[DemEventParameter_ECU4_DTC30];FALSE;;
DemComponent_ECU4_DTC31;332;0;[];[DemEventParameter_ECU4_DTC31];FALSE;;
DemComponent_ECU4_DTC32;333;0;[];[DemEventParameter_ECU4_DTC32];FALSE;;
DemComponent_ECU4_DTC33;334;0;[];[DemEventParameter_ECU4_DTC33];FALSE;;
DemComponent_ECU4_DTC34;335;0;[];[DemEventParameter_ECU4_DTC34];FALSE;;
DemComponent_ECU4_DTC35;336;0;[];[DemEventParameter_ECU4_DTC35];FALSE;;
DemComponent_ECU4_DTC36;337;0;[];[DemEventParameter_ECU4_DTC36];FALSE;;
DemComponent_ECU4_DTC37;338;0;[];[DemEventParameter_ECU4_DTC37];FALSE;;
DemComponent_ECU4_DTC38;339;0;[];[DemEventParameter_ECU4_DTC38];FALSE;;
DemComponent_ECU4_DTC39;340;0;[];[DemEventParameter_ECU4_DTC39];FALSE;;
DemComponent_ECU4_DTC40;341;0;[];[DemEventParameter_ECU4_DTC40];FALSE;;
DemComponent_ECU4_DTC41;342;0;[];[DemEventParameter_ECU4_DTC41];FALSE;;
DemComponent_ECU4_DTC42;343;0;[];[DemEventParameter_ECU4_DTC42];FALSE;;
DemComponent_ECU4_DTC43;344;0;[];[DemEventParameter_ECU4_DTC43];FALSE;;
DemComponent_ECU4_DTC44;345;0;[];[DemEventParameter_ECU4_DTC44];FALSE;;
DemComponent_ECU4_DTC45;346;0;[];[DemEventParameter_ECU4_DTC45];FALSE;;
DemComponent_ECU4_DTC46;347;0;[];[DemEventParameter_ECU4_DTC46];FALSE;;
DemComponent_ECU4_DTC47;348;0;[];[DemEventParameter_ECU4_DTC47];FALSE;;
DemComponent_ECU4_DTC48;349;0;[];[DemEventParameter_ECU4_DTC48];FALSE;;
DemComponent_ECU4_DTC49;350;0;[];[DemEventParameter_ECU4_DTC49];FALSE;;
DemComponent_ECU4_DTC50;351;0;[];[DemEventParameter_ECU4_DTC50];FALSE;;
DemComponent_ECU4_DTC51;352;0;[];[DemEventParameter_ECU4_DTC51];FALSE;;
DemComponent_ECU4_DTC52;353;0;[];[DemEventParameter_ECU4_DTC52];FALSE;;
DemComponent_ECU4_DTC53;354;0;[];[DemEventParameter_ECU4_DTC53];FALSE;;
DemComponent_ECU4_DTC54;355;0;[];[DemEventParameter_ECU4_DTC54];FALSE;;
DemComponent_ECU4_DTC55;356;0;[];[DemEventParameter_ECU4_DTC55];FALSE;;
DemComponent_ECU4_DTC56;357;0;[];[DemEventParameter_ECU4_DTC56];FALSE;;
DemComponent_ECU4_DTC57;358;0;[];[DemEventParameter_ECU4_DTC57];FALSE;;
DemComponent_ECU4_DTC58;359;0;[];[DemEventParameter_ECU4_DTC58];FALSE;;
DemComponent_ECU4_DTC59;360;0;[];[DemEventParameter_ECU4_DTC59];FALSE;;
DemComponent_ECU4_DTC60;361;0;[];[DemEventParameter_ECU4_DTC60];FALSE;;
DemComponent_ECU4_DTC61;362;0;[];[DemEventParameter_ECU4_DTC61];FALSE;;
DemComponent_ECU4_DTC62;363;0;[];[DemEventParameter_ECU4_DTC62];FALSE;;
DemComponent_ECU4_DTC63;364;0;[];[DemEventParameter_ECU4_DTC63];FALSE;;
DemComponent_ECU4_DTC64;365;0;[];[DemEventParameter_ECU4_DTC64];FALSE;;
DemComponent_ECU4_DTC65;366;0;[];[DemEventParameter_ECU4_DTC65];FALSE;;
DemComponent_ECU4_DTC66;367;0;[];[DemEventParameter_ECU4_DTC66];FALSE;;
DemComponent_ECU4_DTC67;368;0;[];[DemEventParameter_ECU4_DTC67];FALSE;;
DemComponent_ECU4_DTC68;369;0;[];[DemEventParameter_ECU4_DTC68];FALSE;;
DemComponent_ECU4_DTC69;370;0;[];[DemEventParameter_ECU4_DTC69];FALSE;;
DemComponent_ECU4_DTC70;371;0;[];[DemEventParameter_ECU4_DTC70];FALSE;;
DemComponent_ECU4_DTC71;372;0;[];[DemEventParameter_ECU4_DTC71];FALSE;;
DemComponent_ECU4_DTC72;373;0;[];[DemEventParameter_ECU4_DTC72];FALSE;;
DemComponent_ECU4_DTC73;374;0;[];[DemEventParameter_ECU4_DTC73];FALSE;;
DemComponent_ECU4_DTC74;375;0;[];[DemEventParameter_ECU4_DTC74];FALSE;;
DemComponent_ECU4_DTC75;376;0;[];[DemEventParameter_ECU4_DTC75];FALSE;;
DemComponent_ECU4_DTC76;377;0;[];[DemEventParameter_ECU4_DTC76];FALSE;;
DemComponent_ECU4_DTC77;378;0;[];[DemEventParameter_ECU4_DTC77];FALSE;;
DemComponent_ECU4_DTC78;379;0;[];[DemEventParameter_ECU4_DTC78];FALSE;;
DemComponent_ECU4_DTC79;380;0;[];[DemEventParameter_ECU4_DTC79];FALSE;;
DemComponent_ECU4_DTC80;381;0;[];[DemEventParameter_ECU4_DTC80];FALSE;;
DemComponent_ECU4_DTC81;382;0;[];[DemEventParameter_ECU4_DTC81];FALSE;;
DemComponent_ECU4_DTC82;383;0;[];[DemEventParameter_ECU4_DTC82];FALSE;;
DemComponent_ECU4_DTC83;384;0;[];[DemEventParameter_ECU4_DTC83];FALSE;;
DemComponent_ECU4_DTC84;385;0;[];[DemEventParameter_ECU4_DTC84];FALSE;;
DemComponent_ECU4_DTC85;386;0;[];[DemEventParameter_ECU4_DTC85];FALSE;;
DemComponent_ECU4_DTC86;387;0;[];[DemEventParameter_ECU4_DTC86];FALSE;;
DemComponent_ECU4_DTC87;388;0;[];[DemEventParameter_ECU4_DTC87];FALSE;;
DemComponent_ECU4_DTC88;389;0;[];[DemEventParameter_ECU4_DTC88];FALSE;;
DemComponent_ECU4_DTC89;390;0;[];[DemEventParameter_ECU4_DTC89];FALSE;;
DemComponent_ECU4_DTC90;391;0;[];[DemEventParameter_ECU4_DTC90];FALSE;;
DemComponent_ECU4_DTC91;392;0;[];[DemEventParameter_ECU4_DTC91];FALSE;;
DemComponent_ECU4_DTC92;393;0;[];[DemEventParameter_ECU4_DTC92];FALSE;;
DemComponent_ECU4_DTC93;394;0;[];[DemEventParameter_ECU4_DTC93];FALSE;;
DemComponent_ECU4_DTC94;395;0;[];[DemEventParameter_ECU4_DTC94];FALSE;;
DemComponent_ECU4_DTC95;396;0;[];[DemEventParameter_ECU4_DTC95];FALSE;;
DemComponent_ECU4_DTC96;397;0;[];[DemEventParameter_ECU4_DTC96];FALSE;;
DemComponent_ECU4_DTC97;398;0;[];[DemEventParameter_ECU4_DTC97];FALSE;;
DemComponent_ECU4_DTC98;399;0;[];[DemEventParameter_ECU4_DTC98];FALSE;;
DemComponent_ECU4_DTC99;400;0;[];[DemEventParameter_ECU4_DTC99];FALSE;;
DemComponent_ECU5_DTC00;401;0;[];[DemEventParameter_ECU5_DTC00];FALSE;;
DemComponent_ECU5_DTC01;402;0;[];[DemEventParameter_ECU5_DTC01];FALSE;;
DemComponent_ECU5_DTC02;403;0;[];[DemEventParameter_ECU5_DTC02];FALSE;;
DemComponent_ECU5_DTC03;404;0;[];[DemEventParameter_ECU5_DTC03];FALSE;;
DemComponent_ECU5_DTC04;405;0;[];[DemEventParameter_ECU5_DTC04];FALSE;;
DemComponent_ECU5_DTC05;406;0;[];[DemEventParameter_ECU5_DTC05];FALSE;;
DemComponent_ECU5_DTC06;407;0;[];[DemEventParameter_ECU5_DTC06];FALSE;;
DemComponent_ECU5_DTC07;408;0;[];[DemEventParameter_ECU5_DTC07];FALSE;;
DemComponent_ECU5_DTC08;409;0;[];[DemEventParameter_ECU5_DTC08];FALSE;;
DemComponent_ECU5_DTC09;410;0;[];[DemEventParameter_ECU5_DTC09];FALSE;;
DemComponent_ECU5_DTC10;411;0;[];[DemEventParameter_ECU5_DTC10];FALSE;;
DemComponent_ECU5_DTC11;412;0;[];[DemEventParameter_ECU5_DTC11];FALSE;;
DemComponent_ECU5_DTC12;413;0;[];[DemEventParameter_ECU5_DTC12];FALSE;;
DemComponent_ECU5_DTC13;414;0;[];[DemEventParameter_ECU5_DTC13];FALSE;;
DemComponent_ECU5_DTC14;415;0;[];[DemEventParameter_ECU5_DTC14];FALSE;;
DemComponent_ECU5_DTC15;416;0;[];[DemEventParameter_ECU5_DTC15];FALSE;;
DemComponent_ECU5_DTC16;417;0;[];[DemEventParameter_ECU5_DTC16];FALSE;;
DemComponent_ECU5_DTC17;418;0;[];[DemEventParameter_ECU5_DTC17];FALSE;;
DemComponent_ECU5_DTC18;419;0;[];[DemEventParameter_ECU5_DTC18];FALSE;;
DemComponent_ECU5_DTC19;420;0;[];[DemEventParameter_ECU5_DTC19];FALSE;;
DemComponent_ECU5_DTC20;421;0;[];[DemEventParameter_ECU5_DTC20];FALSE;;
DemComponent_ECU5_DTC21;422;0;[];[DemEventParameter_ECU5_DTC21];FALSE;;
DemComponent_ECU5_DTC22;423;0;[];[DemEventParameter_ECU5_DTC22];FALSE;;
DemComponent_ECU5_DTC23;424;0;[];[DemEventParameter_ECU5_DTC23];FALSE;;
DemComponent_ECU5_DTC24;425;0;[];[DemEventParameter_ECU5_DTC24];FALSE;;
DemComponent_ECU5_DTC25;426;0;[];[DemEventParameter_ECU5_DTC25];FALSE;;
DemComponent_ECU5_DTC26;427;0;[];[DemEventParameter_ECU5_DTC26];FALSE;;
DemComponent_ECU5_DTC27;428;0;[];[DemEventParameter_ECU5_DTC27];FALSE;;
DemComponent_ECU5_DTC28;429;0;[];[DemEventParameter_ECU5_DTC28];FALSE;;
DemComponent_ECU5_DTC29;430;0;[];[DemEventParameter_ECU5_DTC29];FALSE;;
DemComponent_ECU5_DTC30;431;0;[];[DemEventParameter_ECU5_DTC30];FALSE;;
DemComponent_ECU5_DTC31;432;0;[];[DemEventParameter_ECU5_DTC31];FALSE;;
DemComponent_ECU5_DTC32;433;0;[];[DemEventParameter_ECU5_DTC32];FALSE;;
DemComponent_ECU5_DTC33;434;0;[];[DemEventParameter_ECU5_DTC33];FALSE;;
DemComponent_ECU5_DTC34;435;0;[];[DemEventParameter_ECU5_DTC34];FALSE;;
DemComponent_ECU5_DTC35;436;0;[];[DemEventParameter_ECU5_DTC35];FALSE;;
DemComponent_ECU5_DTC36;437;0;[];[DemEventParameter_ECU5_DTC36];FALSE;;
DemComponent_ECU5_DTC37;438;0;[];[DemEventParameter_ECU5_DTC37];FALSE;;
DemComponent_ECU5_DTC38;439;0;[];[DemEventParameter_ECU5_DTC38];FALSE;;
DemComponent_ECU5_DTC39;440;0;[];[DemEventParameter_ECU5_DTC39];FALSE;;
DemComponent_ECU5_DTC40;441;0;[];[DemEventParameter_ECU5_DTC40];FALSE;;
DemComponent_ECU5_DTC41;442;0;[];[DemEventParameter_ECU5_DTC41];FALSE;;
DemComponent_ECU5_DTC42;443;0;[];[DemEventParameter_ECU5_DTC42];FALSE;;
DemComponent_ECU5_DTC43;444;0;[];[DemEventParameter_ECU5_DTC43];FALSE;;
DemComponent_ECU5_DTC44;445;0;[];[DemEventParameter_ECU5_DTC44];FALSE;;
DemComponent_ECU5_DTC45;446;0;[];[DemEventParameter_ECU5_DTC45];FALSE;;
DemComponent_ECU5_DTC46;447;0;[];[DemEventParameter_ECU5_DTC46];FALSE;;
DemComponent_ECU5_DTC47;448;0;[];[DemEventParameter_ECU5_DTC47];FALSE;;
DemComponent_ECU5_DTC48;449;0;[];[DemEventParameter_ECU5_DTC48];FALSE;;
DemComponent_ECU5_DTC49;450;0;[];[DemEventParameter_ECU5_DTC49];FALSE;;
DemComponent_ECU5_DTC50;451;0;[];[DemEventParameter_ECU5_DTC50];FALSE;;
DemComponent_ECU5_DTC51;452;0;[];[DemEventParameter_ECU5_DTC51];FALSE;;
DemComponent_ECU5_DTC52;453;0;[];[DemEventParameter_ECU5_DTC52];FALSE;;
DemComponent_ECU5_DTC53;454;0;[];[DemEventParameter_ECU5_DTC53];FALSE;;
DemComponent_ECU5_DTC54;455;0;[];[DemEventParameter_ECU5_DTC54];FALSE;;
DemComponent_ECU5_DTC55;456;0;[];[DemEventParameter_ECU5_DTC55];FALSE;;
DemComponent_ECU5_DTC56;457;0;[];[DemEventParameter_ECU5_DTC56];FALSE;;
DemComponent_ECU5_DTC57;458;0;[];[DemEventParameter_ECU5_DTC57];FALSE;;
DemComponent_ECU5_DTC58;459;0;[];[DemEventParameter_ECU5_DTC58];FALSE;;
DemComponent_ECU5_DTC59;460;0;[];[DemEventParameter_ECU5_DTC59];FALSE;;
DemComponent_ECU5_DTC60;461;0;[];[DemEventParameter_ECU5_DTC60];FALSE;;
DemComponent_ECU5_DTC61;462;0;[];[DemEventParameter_ECU5_DTC61];FALSE;;
DemComponent_ECU5_DTC62;463;0;[];[DemEventParameter_ECU5_DTC62];FALSE;;
DemComponent_ECU5_DTC63;464;0;[];[DemEventParameter_ECU5_DTC63];FALSE;;
DemComponent_ECU5_DTC64;465;0;[];[DemEventParameter_ECU5_DTC64];FALSE;;
DemComponent_ECU5_DTC65;466;0;[];[DemEventParameter_ECU5_DTC65];FALSE;;
DemComponent_ECU5_DTC66;467;0;[];[DemEventParameter_ECU5_DTC66];FALSE;;
DemComponent_ECU5_DTC67;468;0;[];[DemEventParameter_ECU5_DTC67];FALSE;;
DemComponent_ECU5_DTC68;469;0;[];[DemEventParameter_ECU5_DTC68];FALSE;;
DemComponent_ECU5_DTC69;470;0;[];[DemEventParameter_ECU5_DTC69];FALSE;;
DemComponent_ECU5_DTC70;471;0;[];[DemEventParameter_ECU5_DTC70];FALSE;;
DemComponent_ECU5_DTC71;472;0;[];[DemEventParameter_ECU5_DTC71];FALSE;;
DemComponent_ECU5_DTC72;473;0;[];[DemEventParameter_ECU5_DTC72];FALSE;;
DemComponent_ECU5_DTC73;474;0;[];[DemEventParameter_ECU5_DTC73];FALSE;;
DemComponent_ECU5_DTC74;475;0;[];[DemEventParameter_ECU5_DTC74];FALSE;;
DemComponent_ECU5_DTC75;476;0;[];[DemEventParameter_ECU5_DTC75];FALSE;;
DemComponent_ECU5_DTC76;477;0;[];[DemEventParameter_ECU5_DTC76];FALSE;;
DemComponent_ECU5_DTC77;478;0;[];[DemEventParameter_ECU5_DTC77];FALSE;;
DemComponent_ECU5_DTC78;479;0;[];[DemEventParameter_ECU5_DTC78];FALSE;;
DemComponent_ECU5_DTC79;480;0;[];[DemEventParameter_ECU5_DTC79];FALSE;;
DemComponent_ECU5_DTC80;481;0;[];[DemEventParameter_ECU5_DTC80];FALSE;;
DemComponent_ECU5_DTC81;482;0;[];[DemEventParameter_ECU5_DTC81];FALSE;;
DemComponent_ECU5_DTC82;483;0;[];[DemEventParameter_ECU5_DTC82];FALSE;;
DemComponent_ECU5_DTC83;484;0;[];[DemEventParameter_ECU5_DTC83];FALSE;;
DemComponent_ECU5_DTC84;485;0;[];[DemEventParameter_ECU5_DTC84];FALSE;;
DemComponent_ECU5_DTC85;486;0;[];[DemEventParameter_ECU5_DTC85];FALSE;;
DemComponent_ECU5_DTC86;487;0;[];[DemEventParameter_ECU5_DTC86];FALSE;;
DemComponent_ECU5_DTC87;488;0;[];[DemEventParameter_ECU5_DTC87];FALSE;;
DemComponent_ECU5_DTC88;489;0;[];[DemEventParameter_ECU5_DTC88];FALSE;;
DemComponent_ECU5_DTC89;490;0;[];[DemEventParameter_ECU5_DTC89];FALSE;;
DemComponent_ECU5_DTC90;491;0;[];[DemEventParameter_ECU5_DTC90];FALSE;;
DemComponent_ECU5_DTC91;492;0;[];[DemEventParameter_ECU5_DTC91];FALSE;;
DemComponent_ECU5_DTC92;493;0;[];[DemEventParameter_ECU5_DTC92];FALSE;;
DemComponent_ECU5_DTC93;494;0;[];[DemEventParameter_ECU5_DTC93];FALSE;;
DemComponent_ECU5_DTC94;495;0;[];[DemEventParameter_ECU5_DTC94];FALSE;;
DemComponent_ECU5_DTC95;496;0;[];[DemEventParameter_ECU5_DTC95];FALSE;;
DemComponent_ECU5_DTC96;497;0;[];[DemEventParameter_ECU5_DTC96];FALSE;;
DemComponent_ECU5_DTC97;498;0;[];[DemEventParameter_ECU5_DTC97];FALSE;;
DemComponent_ECU5_DTC98;499;0;[];[DemEventParameter_ECU5_DTC98];FALSE;;
DemComponent_ECU5_DTC99;500;0;[];[DemEventParameter_ECU5_DTC99];FALSE;;
