Event;EventId;Indicator;IndicatorId;Behavior;HealingThreshold;FailureThreshold;ControlledViaAPI DemEventParameter_ECU1_DTC00;
1;MIL;1;DEM_INDICATOR_CONTINUOUS;3;2;false
DemEventParameter_ECU1_DTC01;2;MIL;1;DEM_INDICATOR_CONTINUOUS;3;2;false
DemEventParameter_ECU1_DTC02;3;MIL;1;DEM_INDICATOR_CONTINUOUS;3;2;false
DemEventParameter_ECU1_DTC03;4;MIL;1;DEM_INDICATOR_CONTINUOUS;3;2;false
DemEventParameter_ECU1_DTC04;5;MIL;1;DEM_INDICATOR_BLINK_CONT;3;2;false
DemEventParameter_ECU1_DTC05;6;MIL;1;DEM_INDICATOR_BLINK_CONT;3;2;false
DemEventParameter_ECU1_DTC06;7;MIL;1;DEM_INDICATOR_BLINK_CONT;3;2;false
DemEventParameter_ECU1_DTC07;8;MIL;1;DEM_INDICATOR_BLINK_CONT;3;2;false
DemEventParameter_ECU1_DTC08;9;MIL;1;DEM_INDICATOR_BLINK_CONT;3;2;false
DemEventParameter_ECU1_DTC09;10;MIL;1;DEM_INDICATOR_CONTINUOUS;3;2;false
DemEventParameter_ECU1_DTC10;11;MIL;1;DEM_INDICATOR_CONTINUOUS;3;2;false
DemEventParameter_ECU1_DTC11;12;MIL;1;DEM_INDICATOR_CONTINUOUS;3;2;false
DemEventParameter_ECU1_DTC12;13;MIL;1;DEM_INDICATOR_CONTINUOUS;3;2;false
DemEventParameter_ECU1_DTC13;14;MIL;1;DEM_INDICATOR_CONTINUOUS;3;2;false
DemEventParameter_ECU1_DTC22;23;MIL;1;DEM_INDICATOR_CONTINUOUS;3;2;false
DemEventParameter_ECU1_DTC23;24;MIL;1;DEM_INDICATOR_BLINK_CONT;3;2;false
DemEventParameter_ECU1_DTC24;25;MIL;1;DEM_INDICATOR_CONTINUOUS;3;2;false
DemEventParameter_ECU1_DTC25;26;MIL;1;DEM_INDICATOR_CONTINUOUS;3;2;false
DemEventParameter_ECU1_DTC26;27;MIL;1;DEM_INDICATOR_CONTINUOUS;3;2;false
DemEventParameter_ECU1_DTC27;28;MIL;1;DEM_INDICATOR_CONTINUOUS;3;2;false
DemEventParameter_ECU1_DTC28;29;MIL;1;DEM_INDICATOR_CONTINUOUS;3;2;false
DemEventParameter_ECU1_DTC29;30;MIL;1;DEM_INDICATOR_BLINK_CONT;3;2;false
DemEventParameter_ECU1_DTC30;31;MIL;1;DEM_INDICATOR_BLINK_CONT;3;2;false
DemEventParameter_ECU1_DTC31;32;MIL;1;DEM_INDICATOR_BLINK_CONT;3;2;false
DemEventParameter_ECU1_DTC32;33;MIL;1;DEM_INDICATOR_BLINK_CONT;3;2;false
DemEventParameter_ECU1_DTC33;34;MIL;1;DEM_INDICATOR_BLINK_CONT;3;2;false
DemEventParameter_ECU1_DTC34;35;MIL;1;DEM_INDICATOR_CONTINUOUS;3;2;false
DemEventParameter_ECU1_DTC35;36;MIL;1;DEM_INDICATOR_CONTINUOUS;3;2;false
DemEventParameter_ECU1_DTC36;37;MIL;1;DEM_INDICATOR_CONTINUOUS;3;2;false
DemEventParameter_ECU1_DTC37;38;MIL;1;DEM_INDICATOR_CONTINUOUS;3;2;false
DemEventParameter_ECU1_DTC38;39;MIL;1;DEM_INDICATOR_CONTINUOUS;3;2;false
DemEventParameter_ECU1_DTC47;48;MIL;1;DEM_INDICATOR_CONTINUOUS;3;2;false
DemEventParameter_ECU1_DTC48;49;MIL;1;DEM_INDICATOR_BLINK_CONT;3;2;false
DemEventParameter_ECU1_DTC49;50;MIL;1;DEM_INDICATOR_CONTINUOUS;3;2;false
DemEventParameter_ECU1_DTC51;52;MIL;1;DEM_INDICATOR_CONTINUOUS;3;2;false
DemEventParameter_ECU1_DTC52;53;MIL;1;DEM_INDICATOR_CONTINUOUS;3;2;false
DemEventParameter_ECU1_DTC55;56;MIL;1;DEM_INDICATOR_CONTINUOUS;3;2;false
DemEventParameter_ECU1_DTC56;57;MIL;1;DEM_INDICATOR_CONTINUOUS;3;2;false
DemEventParameter_ECU1_DTC58;59;MIL;1;DEM_INDICATOR_BLINK_CONT;3;2;false
DemEventParameter_ECU1_DTC60;61;MIL;1;DEM_INDICATOR_CONTINUOUS;3;2;false
DemEventParameter_ECU1_DTC61;62;MIL;1;DEM_INDICATOR_CONTINUOUS;3;2;false
DemEventParameter_ECU1_DTC62;63;MIL;1;DEM_INDICATOR_BLINK_CONT;3;2;false
DemEventParameter_ECU1_DTC63;64;MIL;1;DEM_INDICATOR_BLINK_CONT;3;2;false
DemEventParameter_ECU1_DTC66;67;MIL;1;DEM_INDICATOR_CONTINUOUS;3;2;false
DemEventParameter_ECU1_DTC67;68;MIL;1;DEM_INDICATOR_CONTINUOUS;3;2;false
DemEventParameter_ECU1_DTC68;69;MIL;1;DEM_INDICATOR_CONTINUOUS;3;2;false
DemEventParameter_ECU1_DTC69;70;MIL;1;DEM_INDICATOR_CONTINUOUS;3;2;false
DemEventParameter_ECU1_DTC70;71;MIL;1;DEM_INDICATOR_CONTINUOUS;3;2;false
DemEventParameter_ECU1_DTC71;72;MIL;1;DEM_INDICATOR_CONTINUOUS;3;2;false
DemEventParameter_ECU1_DTC72;73;MIL;1;DEM_INDICATOR_CONTINUOUS;3;2;false
DemEventParameter_ECU1_DTC73;74;MIL;1;DEM_INDICATOR_CONTINUOUS;3;2;false
DemEventParameter_ECU1_DTC74;75;MIL;1;DEM_INDICATOR_CONTINUOUS;3;2;false
DemEventParameter_ECU1_DTC76;77;MIL;1;DEM_INDICATOR_CONTINUOUS;3;2;false
DemEventParameter_ECU1_DTC77;78;MIL;1;DEM_INDICATOR_CONTINUOUS;3;2;false
DemEventParameter_ECU1_DTC80;81;MIL;1;DEM_INDICATOR_CONTINUOUS;3;2;false
DemEventParameter_ECU1_DTC81;82;MIL;1;DEM_INDICATOR_CONTINUOUS;3;2;false
DemEventParameter_ECU1_DTC83;84;MIL;1;DEM_INDICATOR_BLINK_CONT;3;2;false
DemEventParameter_ECU1_DTC85;86;MIL;1;DEM_INDICATOR_CONTINUOUS;3;2;false
DemEventParameter_ECU1_DTC86;87;MIL;1;DEM_INDICATOR_CONTINUOUS;3;2;false
DemEventParameter_ECU1_DTC87;88;MIL;1;DEM_INDICATOR_BLINK_CONT;3;2;false
DemEventParameter_ECU1_DTC88;89;MIL;1;DEM_INDICATOR_BLINK_CONT;3;2;false
DemEventParameter_ECU1_DTC91;92;MIL;1;DEM_INDICATOR_CONTINUOUS;3;2;false
DemEventParameter_ECU1_DTC92;93;MIL;1;DEM_INDICATOR_CONTINUOUS;3;2;false
DemEventParameter_ECU1_DTC93;94;MIL;1;DEM_INDICATOR_CONTINUOUS;3;2;false
DemEventParameter_ECU1_DTC94;95;MIL;1;DEM_INDICATOR_CONTINUOUS;3;2;false
DemEventParameter_ECU1_DTC95;96;MIL;1;DEM_INDICATOR_CONTINUOUS;3;2;false
DemEventParameter_ECU1_DTC96;97;MIL;1;DEM_INDICATOR_CONTINUOUS;3;2;false
DemEventParameter_ECU1_DTC97;98;MIL;1;DEM_INDICATOR_CONTINUOUS;3;2;false
DemEventParameter_ECU1_DTC98;99;MIL;1;DEM_INDICATOR_CONTINUOUS;3;2;false
DemEventParameter_ECU1_DTC99;100;MIL;1;DEM_INDICATOR_CONTINUOUS;3;2;false
DemEventParameter_ECU2_DTC07;108;MIL;1;DEM_INDICATOR_CONTINUOUS;3;2;false
DemEventParameter_ECU2_DTC08;109;MIL;1;DEM_INDICATOR_CONTINUOUS;3;2;false
DemEventParameter_ECU2_DTC11;112;MIL;1;DEM_INDICATOR_CONTINUOUS;3;2;false
DemEventParameter_ECU2_DTC19;120;MIL;1;DEM_INDICATOR_CONTINUOUS;3;2;false
DemEventParameter_ECU2_DTC20;121;MIL;1;DEM_INDICATOR_CONTINUOUS;3;2;false
DemEventParameter_ECU2_DTC23;124;MIL;1;DEM_INDICATOR_CONTINUOUS;3;2;false
DemEventParameter_ECU2_DTC31;132;MIL;1;DEM_INDICATOR_CONTINUOUS;3;2;false
DemEventParameter_ECU2_DTC32;133;MIL;1;DEM_INDICATOR_CONTINUOUS;3;2;false
DemEventParameter_ECU2_DTC35;136;MIL;1;DEM_INDICATOR_CONTINUOUS;3;2;false
DemEventParameter_ECU2_DTC43;144;MIL;1;DEM_INDICATOR_CONTINUOUS;3;2;false
DemEventParameter_ECU2_DTC44;145;MIL;1;DEM_INDICATOR_CONTINUOUS;3;2;false
DemEventParameter_ECU2_DTC47;148;MIL;1;DEM_INDICATOR_CONTINUOUS;3;2;false
DemEventParameter_ECU2_DTC50;151;MIL;1;DEM_INDICATOR_CONTINUOUS;3;2;false
DemEventParameter_ECU2_DTC55;156;MIL;1;DEM_INDICATOR_CONTINUOUS;3;2;false
DemEventParameter_ECU2_DTC56;157;MIL;1;DEM_INDICATOR_CONTINUOUS;3;2;false
DemEventParameter_ECU2_DTC57;158;MIL;1;DEM_INDICATOR_CONTINUOUS;3;2;false
DemEventParameter_ECU2_DTC58;159;MIL;1;DEM_INDICATOR_CONTINUOUS;3;2;false
DemEventParameter_ECU2_DTC59;160;MIL;1;DEM_INDICATOR_CONTINUOUS;3;2;false
DemEventParameter_ECU2_DTC60;161;MIL;1;DEM_INDICATOR_CONTINUOUS;3;2;false
DemEventParameter_ECU2_DTC61;162;MIL;1;DEM_INDICATOR_CONTINUOUS;3;2;false
DemEventParameter_ECU2_DTC62;163;MIL;1;DEM_INDICATOR_CONTINUOUS;3;2;false
DemEventParameter_ECU2_DTC67;168;MIL;1;DEM_INDICATOR_CONTINUOUS;3;2;false
DemEventParameter_ECU2_DTC68;169;MIL;1;DEM_INDICATOR_CONTINUOUS;3;2;false
DemEventParameter_ECU2_DTC69;170;MIL;1;DEM_INDICATOR_CONTINUOUS;3;2;false
DemEventParameter_ECU2_DTC70;171;MIL;1;DEM_INDICATOR_CONTINUOUS;3;2;false
DemEventParameter_ECU2_DTC71;172;MIL;1;DEM_INDICATOR_CONTINUOUS;3;2;false
DemEventParameter_ECU2_DTC72;173;MIL;1;DEM_INDICATOR_CONTINUOUS;3;2;false
DemEventParameter_ECU2_DTC73;174;MIL;1;DEM_INDICATOR_CONTINUOUS;3;2;false
DemEventParameter_ECU2_DTC74;175;MIL;1;DEM_INDICATOR_CONTINUOUS;3;2;false
DemEventParameter_ECU2_DTC79;180;MIL;1;DEM_INDICATOR_CONTINUOUS;3;2;false
DemEventParameter_ECU2_DTC80;181;MIL;1;DEM_INDICATOR_CONTINUOUS;3;2;false
DemEventParameter_ECU2_DTC81;182;MIL;1;DEM_INDICATOR_CONTINUOUS;3;2;false
DemEventParameter_ECU2_DTC82;183;MIL;1;DEM_INDICATOR_CONTINUOUS;3;2;false
DemEventParameter_ECU2_DTC83;184;MIL;1;DEM_INDICATOR_CONTINUOUS;3;2;false
DemEventParameter_ECU2_DTC84;185;MIL;1;DEM_INDICATOR_CONTINUOUS;3;2;false
DemEventParameter_ECU2_DTC85;186;MIL;1;DEM_INDICATOR_CONTINUOUS;3;2;false
DemEventParameter_ECU2_DTC86;187;MIL;1;DEM_INDICATOR_CONTINUOUS;3;2;false
DemEventParameter_ECU2_DTC91;192;MIL;1;DEM_INDICATOR_CONTINUOUS;3;2;false
DemEventParameter_ECU2_DTC92;193;MIL;1;DEM_INDICATOR_CONTINUOUS;3;2;false
DemEventParameter_ECU2_DTC93;194;MIL;1;DEM_INDICATOR_CONTINUOUS;3;2;false
DemEventParameter_ECU2_DTC94;195;MIL;1;DEM_INDICATOR_CONTINUOUS;3;2;false
DemEventParameter_ECU2_DTC95;196;MIL;1;DEM_INDICATOR_CONTINUOUS;3;2;false
DemEventParameter_ECU2_DTC96;197;MIL;1;DEM_INDICATOR_CONTINUOUS;3;2;false
DemEventParameter_ECU2_DTC97;198;MIL;1;DEM_INDICATOR_CONTINUOUS;3;2;false
DemEventParameter_ECU2_DTC98;199;MIL;1;DEM_INDICATOR_CONTINUOUS;3;2;false
DemEventParameter_ECU3_DTC00;201;MIL;1;DEM_INDICATOR_BLINK_CONT;3;2;false
DemEventParameter_ECU3_DTC01;202;MIL;1;DEM_INDICATOR_BLINK_CONT;3;2;false
DemEventParameter_ECU3_DTC02;203;MIL;1;DEM_INDICATOR_BLINK_CONT;3;2;false
DemEventParameter_ECU3_DTC03;204;MIL;1;DEM_INDICATOR_BLINK_CONT;3;2;false
DemEventParameter_ECU3_DTC04;205;MIL;1;DEM_INDICATOR_BLINK_CONT;3;2;false
DemEventParameter_ECU3_DTC09;210;MIL;1;DEM_INDICATOR_CONTINUOUS;3;2;false
DemEventParameter_ECU3_DTC10;211;MIL;1;DEM_INDICATOR_CONTINUOUS;3;2;false
DemEventParameter_ECU3_DTC11;212;MIL;1;DEM_INDICATOR_CONTINUOUS;3;2;false
DemEventParameter_ECU3_DTC12;213;MIL;1;DEM_INDICATOR_BLINK_CONT;3;2;false
DemEventParameter_ECU3_DTC13;214;MIL;1;DEM_INDICATOR_BLINK_CONT;3;2;false
DemEventParameter_ECU3_DTC17;218;MIL;1;DEM_INDICATOR_CONTINUOUS;3;2;false
DemEventParameter_ECU3_DTC20;221;MIL;1;DEM_INDICATOR_BLINK_CONT;3;2;false
DemEventParameter_ECU3_DTC21;222;MIL;1;DEM_INDICATOR_BLINK_CONT;3;2;false
DemEventParameter_ECU3_DTC22;223;MIL;1;DEM_INDICATOR_BLINK_CONT;3;2;false
DemEventParameter_ECU3_DTC23;224;MIL;1;DEM_INDICATOR_BLINK_CONT;3;2;false
DemEventParameter_ECU3_DTC24;225;MIL;1;DEM_INDICATOR_BLINK_CONT;3;2;false
DemEventParameter_ECU3_DTC29;230;MIL;1;DEM_INDICATOR_CONTINUOUS;3;2;false
DemEventParameter_ECU3_DTC30;231;MIL;1;DEM_INDICATOR_CONTINUOUS;3;2;false
DemEventParameter_ECU3_DTC31;232;MIL;1;DEM_INDICATOR_CONTINUOUS;3;2;false
DemEventParameter_ECU3_DTC32;233;MIL;1;DEM_INDICATOR_BLINK_CONT;3;2;false
DemEventParameter_ECU3_DTC33;234;MIL;1;DEM_INDICATOR_BLINK_CONT;3;2;false
DemEventParameter_ECU3_DTC37;238;MIL;1;DEM_INDICATOR_CONTINUOUS;3;2;false
DemEventParameter_ECU3_DTC40;241;MIL;1;DEM_INDICATOR_BLINK_CONT;3;2;false
DemEventParameter_ECU3_DTC41;242;MIL;1;DEM_INDICATOR_BLINK_CONT;3;2;false
DemEventParameter_ECU3_DTC42;243;MIL;1;DEM_INDICATOR_BLINK_CONT;3;2;false
DemEventParameter_ECU3_DTC43;244;MIL;1;DEM_INDICATOR_BLINK_CONT;3;2;false
DemEventParameter_ECU3_DTC44;245;MIL;1;DEM_INDICATOR_BLINK_CONT;3;2;false
DemEventParameter_ECU3_DTC49;250;MIL;1;DEM_INDICATOR_CONTINUOUS;3;2;false
DemEventParameter_ECU3_DTC50;251;MIL;1;DEM_INDICATOR_CONTINUOUS;3;2;false
DemEventParameter_ECU3_DTC51;252;MIL;1;DEM_INDICATOR_CONTINUOUS;3;2;false
DemEventParameter_ECU3_DTC52;253;MIL;1;DEM_INDICATOR_CONTINUOUS;3;2;false
DemEventParameter_ECU3_DTC53;254;MIL;1;DEM_INDICATOR_BLINK_CONT;3;2;false
DemEventParameter_ECU3_DTC54;255;MIL;1;DEM_INDICATOR_BLINK_CONT;3;2;false
DemEventParameter_ECU3_DTC55;256;MIL;1;DEM_INDICATOR_BLINK_CONT;3;2;false
DemEventParameter_ECU3_DTC56;257;MIL;1;DEM_INDICATOR_BLINK_CONT;3;2;false
DemEventParameter_ECU3_DTC57;258;MIL;1;DEM_INDICATOR_BLINK_CONT;3;2;false
DemEventParameter_ECU3_DTC58;259;MIL;1;DEM_INDICATOR_CONTINUOUS;3;2;false
DemEventParameter_ECU3_DTC59;260;MIL;1;DEM_INDICATOR_CONTINUOUS;3;2;false
DemEventParameter_ECU3_DTC60;261;MIL;1;DEM_INDICATOR_CONTINUOUS;3;2;false
DemEventParameter_ECU3_DTC61;262;MIL;1;DEM_INDICATOR_CONTINUOUS;3;2;false
DemEventParameter_ECU3_DTC62;263;MIL;1;DEM_INDICATOR_CONTINUOUS;3;2;false
DemEventParameter_ECU3_DTC71;272;MIL;1;DEM_INDICATOR_CONTINUOUS;3;2;false
DemEventParameter_ECU3_DTC72;273;MIL;1;DEM_INDICATOR_BLINK_CONT;3;2;false
DemEventParameter_ECU3_DTC73;274;MIL;1;DEM_INDICATOR_CONTINUOUS;3;2;false
DemEventParameter_ECU3_DTC74;275;MIL;1;DEM_INDICATOR_CONTINUOUS;3;2;false
DemEventParameter_ECU3_DTC75;276;MIL;1;DEM_INDICATOR_CONTINUOUS;3;2;false
DemEventParameter_ECU3_DTC76;277;MIL;1;DEM_INDICATOR_CONTINUOUS;3;2;false
DemEventParameter_ECU3_DTC77;278;MIL;1;DEM_INDICATOR_CONTINUOUS;3;2;false
DemEventParameter_ECU3_DTC78;279;MIL;1;DEM_INDICATOR_BLINK_CONT;3;2;false
DemEventParameter_ECU3_DTC79;280;MIL;1;DEM_INDICATOR_BLINK_CONT;3;2;false
DemEventParameter_ECU3_DTC80;281;MIL;1;DEM_INDICATOR_BLINK_CONT;3;2;false
DemEventParameter_ECU3_DTC81;282;MIL;1;DEM_INDICATOR_BLINK_CONT;3;2;false
DemEventParameter_ECU3_DTC82;283;MIL;1;DEM_INDICATOR_BLINK_CONT;3;2;false
DemEventParameter_ECU3_DTC83;284;MIL;1;DEM_INDICATOR_CONTINUOUS;3;2;false
DemEventParameter_ECU3_DTC84;285;MIL;1;DEM_INDICATOR_CONTINUOUS;3;2;false
DemEventParameter_ECU3_DTC85;286;MIL;1;DEM_INDICATOR_CONTINUOUS;3;2;false
DemEventParameter_ECU3_DTC86;287;MIL;1;DEM_INDICATOR_CONTINUOUS;3;2;false
DemEventParameter_ECU3_DTC87;288;MIL;1;DEM_INDICATOR_CONTINUOUS;3;2;false
DemEventParameter_ECU3_DTC96;297;MIL;1;DEM_INDICATOR_CONTINUOUS;3;2;false
DemEventParameter_ECU3_DTC97;298;MIL;1;DEM_INDICATOR_BLINK_CONT;3;2;false
DemEventParameter_ECU3_DTC98;299;MIL;1;DEM_INDICATOR_CONTINUOUS;3;2;false
DemEventParameter_ECU3_DTC99;300;MIL;1;DEM_INDICATOR_CONTINUOUS;3;2;false
DemEventParameter_ECU4_DTC01;302;MIL;1;DEM_INDICATOR_CONTINUOUS;3;2;false
DemEventParameter_ECU4_DTC02;303;MIL;1;DEM_INDICATOR_CONTINUOUS;3;2;false
DemEventParameter_ECU4_DTC05;306;MIL;1;DEM_INDICATOR_CONTINUOUS;3;2;false
DemEventParameter_ECU4_DTC06;307;MIL;1;DEM_INDICATOR_CONTINUOUS;3;2;false
DemEventParameter_ECU4_DTC08;309;MIL;1;DEM_INDICATOR_BLINK_CONT;3;2;false
DemEventParameter_ECU4_DTC10;311;MIL;1;DEM_INDICATOR_CONTINUOUS;3;2;false
DemEventParameter_ECU4_DTC11;312;MIL;1;DEM_INDICATOR_CONTINUOUS;3;2;false
DemEventParameter_ECU4_DTC12;313;MIL;1;DEM_INDICATOR_BLINK_CONT;3;2;false
DemEventParameter_ECU4_DTC13;314;MIL;1;DEM_INDICATOR_BLINK_CONT;3;2;false
DemEventParameter_ECU4_DTC16;317;MIL;1;DEM_INDICATOR_CONTINUOUS;3;2;false
DemEventParameter_ECU4_DTC17;318;MIL;1;DEM_INDICATOR_CONTINUOUS;3;2;false
DemEventParameter_ECU4_DTC18;319;MIL;1;DEM_INDICATOR_CONTINUOUS;3;2;false
DemEventParameter_ECU4_DTC19;320;MIL;1;DEM_INDICATOR_CONTINUOUS;3;2;false
DemEventParameter_ECU4_DTC20;321;MIL;1;DEM_INDICATOR_CONTINUOUS;3;2;false
DemEventParameter_ECU4_DTC21;322;MIL;1;DEM_INDICATOR_CONTINUOUS;3;2;false
DemEventParameter_ECU4_DTC22;323;MIL;1;DEM_INDICATOR_CONTINUOUS;3;2;false
DemEventParameter_ECU4_DTC23;324;MIL;1;DEM_INDICATOR_CONTINUOUS;3;2;false
DemEventParameter_ECU4_DTC24;325;MIL;1;DEM_INDICATOR_CONTINUOUS;3;2;false
DemEventParameter_ECU4_DTC26;327;MIL;1;DEM_INDICATOR_CONTINUOUS;3;2;false
DemEventParameter_ECU4_DTC27;328;MIL;1;DEM_INDICATOR_CONTINUOUS;3;2;false
DemEventParameter_ECU4_DTC30;331;MIL;1;DEM_INDICATOR_CONTINUOUS;3;2;false
DemEventParameter_ECU4_DTC31;332;MIL;1;DEM_INDICATOR_CONTINUOUS;3;2;false
DemEventParameter_ECU4_DTC33;334;MIL;1;DEM_INDICATOR_BLINK_CONT;3;2;false
DemEventParameter_ECU4_DTC35;336;MIL;1;DEM_INDICATOR_CONTINUOUS;3;2;false
DemEventParameter_ECU4_DTC36;337;MIL;1;DEM_INDICATOR_CONTINUOUS;3;2;false
DemEventParameter_ECU4_DTC37;338;MIL;1;DEM_INDICATOR_BLINK_CONT;3;2;false
DemEventParameter_ECU4_DTC38;339;MIL;1;DEM_INDICATOR_BLINK_CONT;3;2;false
DemEventParameter_ECU4_DTC41;342;MIL;1;DEM_INDICATOR_CONTINUOUS;3;2;false
DemEventParameter_ECU4_DTC42;343;MIL;1;DEM_INDICATOR_CONTINUOUS;3;2;false
DemEventParameter_ECU4_DTC43;344;MIL;1;DEM_INDICATOR_CONTINUOUS;3;2;false
DemEventParameter_ECU4_DTC44;345;MIL;1;DEM_INDICATOR_CONTINUOUS;3;2;false
DemEventParameter_ECU4_DTC45;346;MIL;1;DEM_INDICATOR_CONTINUOUS;3;2;false
DemEventParameter_ECU4_DTC46;347;MIL;1;DEM_INDICATOR_CONTINUOUS;3;2;false
DemEventParameter_ECU4_DTC47;348;MIL;1;DEM_INDICATOR_CONTINUOUS;3;2;false
DemEventParameter_ECU4_DTC48;349;MIL;1;DEM_INDICATOR_CONTINUOUS;3;2;false
DemEventParameter_ECU4_DTC49;350;MIL;1;DEM_INDICATOR_CONTINUOUS;3;2;false
DemEventParameter_ECU4_DTC57;358;MIL;1;DEM_INDICATOR_CONTINUOUS;3;2;false
DemEventParameter_ECU4_DTC58;359;MIL;1;DEM_INDICATOR_CONTINUOUS;3;2;false
DemEventParameter_ECU4_DTC61;362;MIL;1;DEM_INDICATOR_CONTINUOUS;3;2;false
DemEventParameter_ECU4_DTC69;370;MIL;1;DEM_INDICATOR_CONTINUOUS;3;2;false
DemEventParameter_ECU4_DTC70;371;MIL;1;DEM_INDICATOR_CONTINUOUS;3;2;false
DemEventParameter_ECU4_DTC73;374;MIL;1;DEM_INDICATOR_CONTINUOUS;3;2;false
DemEventParameter_ECU4_DTC81;382;MIL;1;DEM_INDICATOR_CONTINUOUS;3;2;false
DemEventParameter_ECU4_DTC82;383;MIL;1;DEM_INDICATOR_CONTINUOUS;3;2;false
DemEventParameter_ECU4_DTC85;386;MIL;1;DEM_INDICATOR_CONTINUOUS;3;2;false
DemEventParameter_ECU4_DTC93;394;MIL;1;DEM_INDICATOR_CONTINUOUS;3;2;false
DemEventParameter_ECU4_DTC94;395;MIL;1;DEM_INDICATOR_CONTINUOUS;3;2;false
DemEventParameter_ECU4_DTC97;398;MIL;1;DEM_INDICATOR_CONTINUOUS;3;2;false
DemEventParameter_ECU5_DTC00;401;MIL;1;DEM_INDICATOR_CONTINUOUS;3;2;false
DemEventParameter_ECU5_DTC05;406;MIL;1;DEM_INDICATOR_CONTINUOUS;3;2;false
DemEventParameter_ECU5_DTC06;407;MIL;1;DEM_INDICATOR_CONTINUOUS;3;2;false
DemEventParameter_ECU5_DTC07;408;MIL;1;DEM_INDICATOR_CONTINUOUS;3;2;false
DemEventParameter_ECU5_DTC08;409;MIL;1;DEM_INDICATOR_CONTINUOUS;3;2;false
DemEventParameter_ECU5_DTC09;410;MIL;1;DEM_INDICATOR_CONTINUOUS;3;2;false
DemEventParameter_ECU5_DTC10;411;MIL;1;DEM_INDICATOR_CONTINUOUS;3;2;false
DemEventParameter_ECU5_DTC11;412;MIL;1;DEM_INDICATOR_CONTINUOUS;3;2;false
DemEventParameter_ECU5_DTC12;413;MIL;1;DEM_INDICATOR_CONTINUOUS;3;2;false
DemEventParameter_ECU5_DTC17;418;MIL;1;DEM_INDICATOR_CONTINUOUS;3;2;false
DemEventParameter_ECU5_DTC18;419;MIL;1;DEM_INDICATOR_CONTINUOUS;3;2;false
DemEventParameter_ECU5_DTC19;420;MIL;1;DEM_INDICATOR_CONTINUOUS;3;2;false
DemEventParameter_ECU5_DTC20;421;MIL;1;DEM_INDICATOR_CONTINUOUS;3;2;false
DemEventParameter_ECU5_DTC21;422;MIL;1;DEM_INDICATOR_CONTINUOUS;3;2;false
DemEventParameter_ECU5_DTC22;423;MIL;1;DEM_INDICATOR_CONTINUOUS;3;2;false
DemEventParameter_ECU5_DTC23;424;MIL;1;DEM_INDICATOR_CONTINUOUS;3;2;false
DemEventParameter_ECU5_DTC24;425;MIL;1;DEM_INDICATOR_CONTINUOUS;3;2;false
DemEventParameter_ECU5_DTC29;430;MIL;1;DEM_INDICATOR_CONTINUOUS;3;2;false
DemEventParameter_ECU5_DTC30;431;MIL;1;DEM_INDICATOR_CONTINUOUS;3;2;false
DemEventParameter_ECU5_DTC31;432;MIL;1;DEM_INDICATOR_CONTINUOUS;3;2;false
DemEventParameter_ECU5_DTC32;433;MIL;1;DEM_INDICATOR_CONTINUOUS;3;2;false
DemEventParameter_ECU5_DTC33;434;MIL;1;DEM_INDICATOR_CONTINUOUS;3;2;false
DemEventParameter_ECU5_DTC34;435;MIL;1;DEM_INDICATOR_CONTINUOUS;3;2;false
DemEventParameter_ECU5_DTC35;436;MIL;1;DEM_INDICATOR_CONTINUOUS;3;2;false
DemEventParameter_ECU5_DTC36;437;MIL;1;DEM_INDICATOR_CONTINUOUS;3;2;false
DemEventParameter_ECU5_DTC41;442;MIL;1;DEM_INDICATOR_CONTINUOUS;3;2;false
DemEventParameter_ECU5_DTC42;443;MIL;1;DEM_INDICATOR_CONTINUOUS;3;2;false
DemEventParameter_ECU5_DTC43;444;MIL;1;DEM_INDICATOR_CONTINUOUS;3;2;false
DemEventParameter_ECU5_DTC44;445;MIL;1;DEM_INDICATOR_CONTINUOUS;3;2;false
DemEventParameter_ECU5_DTC45;446;MIL;1;DEM_INDICATOR_CONTINUOUS;3;2;false
DemEventParameter_ECU5_DTC46;447;MIL;1;DEM_INDICATOR_CONTINUOUS;3;2;false
DemEventParameter_ECU5_DTC47;448;MIL;1;DEM_INDICATOR_CONTINUOUS;3;2;false
DemEventParameter_ECU5_DTC48;449;MIL;1;DEM_INDICATOR_CONTINUOUS;3;2;false
DemEventParameter_ECU5_DTC50;451;MIL;1;DEM_INDICATOR_BLINK_CONT;3;2;false
DemEventParameter_ECU5_DTC51;452;MIL;1;DEM_INDICATOR_BLINK_CONT;3;2;false
DemEventParameter_ECU5_DTC52;453;MIL;1;DEM_INDICATOR_BLINK_CONT;3;2;false
DemEventParameter_ECU5_DTC53;454;MIL;1;DEM_INDICATOR_BLINK_CONT;3;2;false
DemEventParameter_ECU5_DTC54;455;MIL;1;DEM_INDICATOR_BLINK_CONT;3;2;false
DemEventParameter_ECU5_DTC59;460;MIL;1;DEM_INDICATOR_CONTINUOUS;3;2;false
DemEventParameter_ECU5_DTC60;461;MIL;1;DEM_INDICATOR_CONTINUOUS;3;2;false
DemEventParameter_ECU5_DTC61;462;MIL;1;DEM_INDICATOR_CONTINUOUS;3;2;false
DemEventParameter_ECU5_DTC62;463;MIL;1;DEM_INDICATOR_BLINK_CONT;3;2;false
DemEventParameter_ECU5_DTC63;464;MIL;1;DEM_INDICATOR_BLINK_CONT;3;2;false
DemEventParameter_ECU5_DTC67;468;MIL;1;DEM_INDICATOR_CONTINUOUS;3;2;false
DemEventParameter_ECU5_DTC70;471;MIL;1;DEM_INDICATOR_BLINK_CONT;3;2;false
DemEventParameter_ECU5_DTC71;472;MIL;1;DEM_INDICATOR_BLINK_CONT;3;2;false
DemEventParameter_ECU5_DTC72;473;MIL;1;DEM_INDICATOR_BLINK_CONT;3;2;false
DemEventParameter_ECU5_DTC73;474;MIL;1;DEM_INDICATOR_BLINK_CONT;3;2;false
DemEventParameter_ECU5_DTC74;475;MIL;1;DEM_INDICATOR_BLINK_CONT;3;2;false
DemEventParameter_ECU5_DTC79;480;MIL;1;DEM_INDICATOR_CONTINUOUS;3;2;false
DemEventParameter_ECU5_DTC80;481;MIL;1;DEM_INDICATOR_CONTINUOUS;3;2;false
DemEventParameter_ECU5_DTC81;482;MIL;1;DEM_INDICATOR_CONTINUOUS;3;2;false
DemEventParameter_ECU5_DTC82;483;MIL;1;DEM_INDICATOR_BLINK_CONT;3;2;false
DemEventParameter_ECU5_DTC83;484;MIL;1;DEM_INDICATOR_BLINK_CONT;3;2;false
DemEventParameter_ECU5_DTC87;488;MIL;1;DEM_INDICATOR_CONTINUOUS;3;2;false
DemEventParameter_ECU5_DTC90;491;MIL;1;DEM_INDICATOR_BLINK_CONT;3;2;false
DemEventParameter_ECU5_DTC91;492;MIL;1;DEM_INDICATOR_BLINK_CONT;3;2;false
DemEventParameter_ECU5_DTC92;493;MIL;1;DEM_INDICATOR_BLINK_CONT;3;2;false
DemEventParameter_ECU5_DTC93;494;MIL;1;DEM_INDICATOR_BLINK_CONT;3;2;false
DemEventParameter_ECU5_DTC94;495;MIL;1;DEM_INDICATOR_BLINK_CONT;3;2;false
DemEventParameter_ECU5_DTC99;500;MIL;1;DEM_INDICATOR_CONTINUOUS;3;2;false
